Last Updated: 06/2022,
LONG_DESCRIPTION,  MCH Price in Main Campus  
abatacept 250 mg IV Inj," $6,445.08 "
abobotulinumtoxinA 300 units/vial," $5,548.00 "
abobotulinumtoxinA 500 units/vial," $9,246.80 "
absorbable gelatin film," $1,709.76 "
absorbable gelatin powder," $1,137.60 "
absorbable gelatin sponge 100, $625.80 
absorbable gelatin sponge 12-7 mm, $193.80 
acetaminophen 10 mg/mL IV Soln, $6.00 
acetaminophen 10 mg/mL IV Soln 100 mL PB, $600.00 
acetaminophen 120 mg Supp, $12.61 
acetaminophen 500 mg Tab, $6.00 
acetaminophen 80 mg Chew Tab, $6.00 
acetaminophen-codeine 300 mg-30 mg Tab, $15.60 
acetaminophen-HYDROcodone 325 mg-7.5 mg Tab UD, $16.05 
acetaminophen-HYDROcodone 325 mg-7.5 mg/15 mL Soln, $9.75 
acetaminophen-oxyCODONE 325 mg-5 mg Tab, $21.45 
acetaZOLAMIDE 125 mg Tab, $23.92 
acetaZOLAMIDE 250 mg Tab, $31.59 
acetaZOLAMIDE 50 mg/mL SWI, $50.28 
acetaZOLAMIDE 500 mg Inj, $718.08 
acetic acid topical 0.25% IRR Soln 250 mL bottle, $925.00 
acetic acid topical 5% Soln, $325.00 
acetylcholine ophthalmic 20 mg (1%) Pwdr for Recon, $747.72 
acetylcysteine 100 mg/mL (10%) Sol 10 mL, $15.60 
acetylcysteine 200 mg/mL (20%) Sol 10 mL, $15.60 
acetylcysteine 200 mg/mL (20%) Sol 30 mL, $15.60 
acetylcysteine IV 200 mg/mL (20%) Sol 30 mL, $119.52 
acitretin 10 mg Oral Cap, $365.43 
acyclovir 200 mg/5 mL Oral Susp, $84.75 
acyclovir 50 mg/mL IV Sol 20 mL, $21.24 
acyclovir 7 mg/mL NS, $3.48 
acyclovir Top 5% Oint 15 gm," $2,684.40 "
acyclovir Top 5% Oint 30 gm," $9,381.60 "
adalimumab 40 mg/0.8 mL SubQ Sol," $11,341.68 "
aerochamber large with mask, $207.30 
aerochamber medium with mask, $184.80 
aerochamber small with mask, $184.80 
aerochamber without mask, $141.45 
albendazole 200 mg Tab," $1,086.72 "
albumin human 25% IV Sol 100 mL," $1,670.00 "
albumin human 25% IV Sol 50 mL, $835.00 
albumin human 5% IV Sol 250 mL," $1,775.00 "
albumin human 5% IV Sol 50 mL, $355.00 
albuterol 0.083% Inh Sol 3 mL, $14.40 
albuterol 0.5% neb 0.5 mL, $9.00 
albuterol 2 mg/5 mL Oral Syrup, $6.75 
albuterol 2.5 mg/3 mL Inh Sol OR, $14.40 
albuterol 5 mg/ml 20 ml bottle, $228.80 
albuterol CFC free 90 mcg/inh Inh, $339.04 
alclometasone Top 0.05% Crm, $445.50 
alclometasone Top 0.05% Oint, $549.90 
"aldesleukin 22,000,000 Units IV Inj"," $14,822.70 "
alglucosidase alfa 50 mg IV Inj," $8,004.80 "
allopurinol 100 mg Tab, $4.03 
allopurinol 500 mg IV Inj," $16,555.05 "
Allopurinol Oral Suspension 20 mg/mL, $12.35 
ALPRAZolam 0.25 mg Tab UD, $23.79 
ALPRAZolam 0.5 mg Tab, $11.96 
alprostadil 0.5 mg/mL Inj Sol 1 mL," $1,297.90 "
alprostadil in D5W 10 mcg/mL OR," $1,297.90 "
alteplase 2 mg IV Inj," $1,660.05 "
alteplase 4 mg in NS 40 mL," $3,161.97 "
alteplase 50 mg IV Inj, $449.30 
aluminum hydroxide 600 mg/5 mL Oral Susp Bulk, $1.20 
aluminum sulfate-calcium acetate Top Pwdr, $12.35 
amantadine 100 mg Cap, $25.35 
amantadine 50 mg/5 mL Oral Syrup, $14.25 
amikacin 250 mg/mL IV Sol 2 mL, $81.84 
amikacin 250 mg/mL IV Sol 4 mL, $45.00 
amikacin 5 mg/mL NS, $2.88 
aMILoride 1 mg/mL Oral Susp, $14.82 
aMILoride 5 mg Tab, $5.70 
Amino Acids 10% (Premasol) IV Sol 1000 mL," $1,000.00 "
Amino Acids 10% (Premasol) IV Sol 500 mL, $600.00 
Amino Acids 10% (Travasol) IV Sol, $0.42 
Amino Acids 10% (Trophamine) IV Sol 500 mL, $480.00 
Amino Acids 5.4% (Nephramine) IV Sol 250 mL, $650.00 
Amino Acids 8% (HepatAmine) IV Sol 500 mL," $1,150.00 "
aminocaproic acid 250 mg/mL IV Sol, $64.00 
aminocaproic acid ANESC 250 mg/mL IV Inj, $118.40 
aminophylline 25 mg/mL IV Sol 10 mL, $198.40 
aminophylline 3 mg/mL NS bolus, $5.70 
amiodarone 1.8 mg/mL dextrose, $3.84 
amiodarone 360 mg/200 mL in dextrose PB, $768.00 
amiodarone 50 mg/mL IV Sol OR, $43.92 
Amiodarone Oral Suspension 5 mg/mL, $9.49 
amitriptyline 10 mg Tab, $9.88 
amitriptyline 25 mg Tab, $9.88 
amitriptyline 50 mg Tab, $11.57 
amLODIPine 5 mg Tab, $29.55 
amLODIPine Oral Suspension 1 mg/mL, $15.60 
ammonium lactate Top 12% Cream, $309.40 
ammonium lactate Top 12% Lotion, $470.25 
amoxicillin 250 mg Cap, $15.60 
amoxicillin 250 mg/5 mL Oral Liq, $3.75 
amoxicillin 500 mg Cap, $15.60 
amoxicillin-clavulanate 1000 mg-62.5 mg ER Tab, $49.05 
amoxicillin-clavulanate 250 mg-125 mg Tab, $74.70 
amoxicillin-clavulanate 500 mg-125 mg Tab, $47.70 
amoxicillin-clavulanate ES 600 mg/5 mL Oral Liq 75 mL, $62.25 
amphetamine 2.5 mg/mL ER Oral Susp, $11.97 
amphetamine 6.3 mg ER Dis Tab, $22.72 
amphetamine 9.4 mg ER Dis Tab, $22.72 
amphetamine-dextroamphetamine 10 mg ERCap, $93.47 
amphetamine-dextroamphetamine 10 mg Tab, $22.49 
amphotericin B 0.1 mg/mL D5W, $2.90 
amphotericin B 50 mg IV Inj, $383.70 
amphotericin B liposomal 10 mg/mL IV Inj OR," $1,332.38 "
amphotericin B liposomal 2 mg/mL D5W, $49.65 
amphotericin B liposomal 50 mg IV Inj," $1,332.38 "
ampicillin 10 g Inj," $1,653.32 "
ampicillin 100 mg/mL IV Inj OR., $14.92 
ampicillin 30 mg/mL SWI, $4.96 
ampicillin/sulbactam 30 mg/mL NS, $12.00 
ampicillin-sulb 1.5 g (1g-0.5g) Inj, $807.68 
ampicillin-sulb 3 g (2 g-1 g) Inj, $60.60 
anakinra 100 mg/0.67 mL Inj Soln, $680.99 
Antihemophilic Factor/von-Willebrand Factor (Humate-P) 250 unit," $2,400.00 "
Anti-inhibitor Coagulant Complex (Human) 1000 unit, $12.36 
Anti-inhibitor Coagulant Complex (Human) 2500 unit, $12.36 
antithrombin III (Human) 600 unit," $16,128.00 "
antithymocyte globulin (Equine) 50 mg/mL Soln 5 mL," $10,013.85 "
anti-thymocyte globulin (rabbit) 25 mg," $7,746.97 "
aprepitant 125 mg-80 mg oral cap," $3,784.59 "
aprepitant 25 mg/mL Oral Suspension," $1,670.73 "
aprepitant 40 mg oral cap, $288.61 
Aquaphor ointment 396 gm, $142.56 
Aquaphor ointment 50 gm, $54.00 
argatroban 100 mg/mL IV Sol 2.5 mL," $11,499.30 "
arginine 10% IV Sol 300 mL, $507.00 
"arginine 100 mg/mL 
", $1.82 
ARIPiprazole 1 mg/mL Oral Soln, $99.30 
ARIPiprazole 10 mg Tab, $379.08 
ARIPiprazole 15 mg Tab, $379.08 
ARIPiprazole 5 mg Tab, $339.69 
arsenic trioxide 2 mg/mL IV Sol 6 mL," $3,659.88 "
ascorbic acid drops," $1,256.50 "
asenapine 10 mg Tab, $158.25 
asparaginase Erwinia (recomb)-rywn Inj Sol," $26,340.00 "
aspirin 20 mg Tab**, $6.00 
aspirin 300 mg Supp, $21.00 
aspirin 81 mg Chew Tab, $6.00 
Atenolol  Oral Suspension 2 mg/mL, $15.60 
atenolol 25 mg Tab, $11.18 
atomoxetine 10 mg Cap, $154.65 
atomoxetine 18 mg Cap, $154.65 
atomoxetine 25 mg Cap, $154.65 
atomoxetine 40 mg Cap, $168.15 
atomoxetine 60 mg Cap, $168.15 
atropine 0.4 mg/mL Inj Sol 1 mL, $84.16 
atropine Opth 1% Oint, $217.95 
atropine Opth 1% Soln 2 mL, $285.12 
atropine/hyoscyamine/PB/scopolamine Oral Elix 120 mL, $136.50 
azithromycin 2 mg/mL NS, $2.88 
azithromycin 500 mg IV Inj, $128.76 
aztreonam 1 g Inj, $475.20 
aztreonam 2 g Inj, $608.22 
aztreonam 20 mg/mL NS, $10.80 
aztreonam 75 mg REC Inh, $726.40 
aztreonam ANESC 200 mg/mL IV Inj, $332.60 
"bacitracin 50,000 units Inj for IRR", $179.36 
bacitracin Opth 500 units/g Oint, $583.45 
bacitracin topical zinc 500 units/g Oint 454 gm, $306.45 
bacitracin topical zinc 500 units/g Oint UD, $3.64 
bacitracin-polymyxin B Opth Oint, $313.50 
bacitracin-polymyxin B Top Oint 30 gm, $219.60 
baclofen 10 mg Tab, $38.48 
baclofen 2 mg/mL intrathecal Sol, $436.14 
baclofen 20 mg Tab, $64.80 
baclofen 5 mg Tab**, $27.04 
baclofen 5 mg/mL Oral Suspension, $15.60 
baricitinib 2 mg Tab, $168.52 
barium sulfate 0.1% SUSP, $117.00 
barium sulfate 2% SUSP, $117.00 
barium sulfate 3% Cream, $3.12 
barium sulfate 60% paste," $6,669.26 "
barium sulfate 60% Susp, $68.64 
barium sulfate 80% SUSP, $491.40 
barium sulfate 96% REC Susp," $2,745.60 "
beclomethasone 40 mcg/inh Inh Aer 7.3 gm, $732.19 
beclomethasone 80 mcg/inh Aero," $1,357.90 "
beclomethasone Nasal 0.042 mg/inh Spry," $1,638.00 "
belimumab 120 mg IV Inj," $2,450.00 "
belimumab 400 mg IV Inj," $8,166.40 "
belladonna-opium 16.2 mg-30 mg Supp, $231.40 
benzocaine Top 10% mucous membrane gel, $42.00 
benzocaine-menthol 6 mg-10 mg Lozenge, $43.20 
benzoyl peroxide Top 5% Gel 45 gm, $108.00 
benzoyl peroxide Top 5% Gel 60 gm, $261.00 
benztropine 1 mg Tab, $7.93 
benztropine 1 mg/mL Inj Sol 2 mL, $901.40 
benztropine 2 mg Tab, $12.48 
beractant 25 mg/mL intratracheal Sol 4 mL," $2,577.60 "
beractant 25 mg/mL intratracheal Sol 8 mL," $4,562.56 "
betamethasone 6 mg/ml Inj Susp 5 mL, $480.50 
bethanechol 10 mg Tab, $16.95 
Bethanechol Oral Suspension 5 mg/mL, $13.00 
bevacizumab 25 mg/mL IV Sol 16 mL," $14,244.80 "
bevacizumab 25 mg/mL IV Sol 4 mL," $3,561.20 "
bevacizumab 25mg/mL IV Sol 1 mL, $890.30 
"biotin 5,000 mcg capsule", $0.75 
bisacodyl 5 mg Oral EC Tab, $6.00 
bleomycin 15 units Inj, $452.79 
bleomycin 30 units Inj," $1,001.00 "
bortezomib 3.5 mg IV Inj," $9,599.88 "
bosentan 32 mg Tab, $915.32 
bosentan 62.5 mg Tab, $458.04 
brentuximab 50 mg Inj," $35,504.28 "
brivaracetam 10 mg Tab, $88.87 
brivaracetam 10 mg/mL IV Soln 5 mL, $228.55 
brivaracetam 10 mg/mL Oral Soln, $58.32 
brivaracetam 50 mg Tab, $88.87 
bromocriptine 2.5 mg Tab, $79.20 
bromphe-phenyl 1mg-2.5mg/5 mL oral Liq, $2.40 
budesonide 0.5 mg/2 mL Inh, $199.80 
budesonide 3 mg Delayed Release Cap, $228.93 
budesonide 90 mcg/inh Inh Pwdr," $1,108.32 "
budesonide Nasal 0.032 mg/inh Spry," $1,200.56 "
budesonide-formoterol 80 mcg-4.5 mcg/inh Inh Aer," $1,310.45 "
bupivacaine liposome 1.3% (13.3 mg/mL) Inj Susp 10 mL, $808.15 
bupivacaine liposome 1.3% (13.3 mg/mL) Inj Susp 20 mL," $1,616.30 "
buPROPion 150 mg SR Tab, $22.95 
buPROPion 150 mg/24 hours XL Tab, $19.95 
buPROPion 300 mg/24 hours XL Tab, $19.95 
busulfan 2 mg Tab, $1.60 
busulfan 6 mg/mL IV Sol 10 mL," $9,693.50 "
Butt Balm 30 grams Cream, $178.49 
Butt Balm 60 grams Cream, $357.11 
cabergoline 0.5 mg Tab, $339.24 
caffeine citrate 20 mg/mL Oral Soln, $143.55 
caffeine citrate ANESC 20 mg/mL IV Inj, $246.30 
caffeine-sodium benzoate 250 mg/mL Inj Sol 2 mL, $126.24 
calamine topical 8% Lotion 180 mL, $43.20 
calcitriol 0.25 mcg Oral Cap, $21.75 
calcitriol 0.5 mcg Oral Cap, $34.50 
calcitriol 1 mcg/mL Oral Liq, $151.05 
calcium acetate 667 mg Cap, $11.31 
calcium carbonate 1250 mg/5 mL Oral Susp, $1.20 
calcium carbonate 1500 mg (600 mg calcium) Tab, $6.00 
calcium gluconate 100 mg/mL for IV fluids, $12.32 
calcium gluconate 100 mg/mL Inj Sol 100 mL, $3.20 
calcium gluconate 100 mg/mL Inj Sol 50 mL, $1.60 
calcium gluconate 100 mg/mL Inj Soln 10 mL, $123.20 
calcium gluconate 100 mg/mL IV Inj OR, $12.32 
calcium gluconate 500 mg Tab, $6.00 
calcium-vitamin D 600 mg-400 units Tab, $0.45 
candesartan 4 mg Tab, $49.05 
candida albicans extract ID Sol 10 mL, $27.03 
cannabidiol 100 mg/mL Oral Sol, $59.36 
captopril 12.5 mg Tab, $17.03 
carBAMazepine 100 mg Chew Tab, $10.14 
carBAMazepine 100 mg ER Tab, $12.35 
carBAMazepine 100 mg/5 mL Oral Susp, $18.00 
carBAMazepine 200 mg ER Tab, $27.75 
carBAMazepine 200 mg ERCap, $22.50 
carBAMazepine 200 mg Tab, $17.55 
carBAMazepine 300 mg ERCap, $22.50 
carbamide peroxide Otic 6.5% Sol, $82.80 
carbamide peroxide Top 10% Liq, $30.60 
carbidopa-levodopa 10 mg-100 mg Tab, $15.15 
carbidopa-levodopa 25 mg-100 mg Tab, $15.75 
carbidopa-levodopa 25 mg-250 mg Tab, $14.10 
carbonyl iron 15 mg/1.25 mL Susp, $646.80 
CARBOplatin 10 mg/mL IV Sol 15 mL, $253.50 
CARBOplatin 10 mg/mL IV Sol 45 mL, $760.50 
CARBOplatin 10 mg/mL IV Sol 5 mL, $131.95 
carmustine 100 mg IV Inj," $1,903.33 "
carmustine 7.7 mg implant Wafer," $21,981.60 "
carvedilol 3.125 mg Tab, $38.40 
Carvedilol Oral Suspension 1.67 mg/mL, $56.10 
ceFAZolin 1 g Inj, $50.24 
ceFAZolin 500 mg Inj, $43.36 
cefdinir 250 mg/5 mL Oral Susp, $100.50 
cefdinir 300 mg Cap, $92.25 
cefepime 1 g Inj, $317.72 
cefepime 2 g Inj, $171.00 
cefepime 2 g/100 mL Soln PB, $561.00 
cefepime 40 mg/mL NS, $7.35 
cefixime 100 mg/5 mL Oral Liq, $312.00 
cefOXitin 40 mg/mL NS, $6.89 
cefprozil 125 mg/5 mL Oral Liq, $37.50 
ceftaroline 12 mg/mL NS, $28.00 
ceftaroline 600 mg Powd," $1,401.60 "
cefTAZidime 2 g Inj, $289.90 
cefTAZidime 6 g Inj, $634.50 
cefuroxime 1.5 g Inj, $125.44 
cefuroxime 250 mg Tab, $75.90 
cefuroxime 30 mg/mL NS, $6.45 
cefuroxime 750 mg Inj, $122.10 
celecoxib 100 mg Cap, $101.70 
cephalexin 250 mg Cap UD, $5.13 
cephalexin 250 mg/5 mL Oral Liq, $26.25 
Cetaphil Bar, $35.76 
Cetaphil Cream 454 gm, $163.08 
Cetaphil Cream 85 g, $30.60 
Cetaphil Lotion 480 mL, $115.20 
Cetaphil Skin Cleanser, $84.96 
cetirizine 1 mg/mL Oral Soln, $27.75 
charcoal 50 g Oral Susp 240 mL, $374.40 
charcoal-sorbitol 50 g Oral Susp 240 mL, $14.40 
chloral hydrate 500 mg/10 mL Oral Syrup, $187.20 
chloral hydrate ANES 500 mg/10 mL Oral Syrup, $187.20 
chloral hydrate powder 25 gm, $939.25 
chloramphenicol 1 g IV Inj, $316.69 
chlorhexidine 0.12% Liq 60 mL, $126.00 
chlorhexidine Top 0.12% Liq 473 mL, $141.90 
chlorothiazide 25 mg/mL SWI, $218.79 
chlorothiazide 250 mg Tab, $10.79 
chlorothiazide 250 mg/5 mL Oral Susp, $23.25 
chlorproMAZINE 10 mg Tab, $52.95 
chlorproMAZINE 25 mg Tab, $189.30 
chlorproMAZINE 25 mg/mL Inj Sol 2 mL, $412.36 
chlorproMAZINE 50 mg Tab, $174.45 
cholecalciferol 1000 intl units oral tablet, $15.60 
cholecalciferol 400 intl units tablet, $15.60 
cholecalciferol 400 intl units/mL Oral Drops, $14.40 
cholecalciferol 5000 intl units Tab, $10.53 
cholestyramine 4 g/9 g Oral Pwdr, $60.75 
chromium 4 mcg/mL Inj Sol 10 mL, $20.67 
ciprofloxacin 2 mg/mL D5W, $3.20 
ciprofloxacin 400 mg/200 mL IV Sol PB, $48.00 
ciprofloxacin 500 mg Tab, $96.75 
ciprofloxacin ophthalmic 0.3% Soln 5 mL, $424.50 
ciprofloxacin-dexAMETHasone 0.3%-0.1% 0.6 mL Otic Susp OR, $115.30 
ciprofloxacin-dexAMETHasone 0.3%-0.1% Otic Susp," $1,441.20 "
cisatracurium 0.4 mg/mL Inj **DRIP BOLUS**, $7.70 
cisatracurium 10 mg/mL IV Sol 20 mL," $2,367.00 "
cisatracurium 2 mg/mL IV Sol, $238.20 
cisatracurium 2 mg/mL IV Sol 10 ml, $383.90 
cisatracurium ANESC 2 mg/mL IV Sol, $166.80 
CISplatin 1 mg/mL IV Sol 100 mL, $714.00 
CISplatin 1 mg/mL IV Sol 50 mL, $382.50 
citric acid/simethicone/sodium bicarbonate 1.53 g-0.04 g-2.21g/4 g EFGR UD, $35.85 
citric acid-potassium citrate 334 mg-1100 mg/5 mL Oral Liq 480 mL, $15.00 
citric acid-sodium citrate 334 mg-500 mg/5 mL Oral Sol 15 mL, $18.00 
citric acid-sodium citrate 334 mg-500 mg/5 mL Oral Sol 473 mL, $7.50 
cladribine 1 mg/mL IV Sol 10 mL," $4,451.70 "
clarithromycin 250 mg/5 mL Oral Liq, $67.50 
clarithromycin 500 mg ER Tab, $63.30 
clevidipine 0.5 mg/mL IV Emul 50 mL, $336.00 
clevidipine 0.5 mg/mL IV Emul OR, $336.00 
clindamycin 12 mg/mL D5W, $4.95 
clindamycin 150 mg Cap, $33.45 
clindamycin 150 mg/mL IV Sol 4 ml, $70.40 
clindamycin 150 mg/mL IV Sol 60 mL, $8.25 
clindamycin 300 mg Cap, $46.95 
clindamycin 600 mg/50 mL D5W IV Sol PB, $330.00 
clindamycin 75 mg/5 mL Oral Liq, $55.50 
clindamycin 900 mg/50 mL D5W IV Sol PB, $403.00 
clindamycin Top 1% Gel, $729.00 
clindamycin Top 1% Sol, $495.00 
cloBAZam 10 mg Tab, $139.23 
cloBAZam 5 mg Tab**, $69.55 
cloBAZam 5 mg/2 mL Oral Susp, $150.80 
clofarabine 1 mg/mL IV Sol 20 mL," $11,747.00 "
clomiPRAMINE 25 mg Cap, $122.85 
clonazePAM 0.25 mg Dis Tab, $15.70 
clonazePAM 0.5 mg Tab, $6.24 
clonazePAM 1 mg Tab, $12.48 
clonazePAM 2 mg Tab, $17.55 
clonazePAM Oral Suspension 0.1 mg/ml, $12.48 
cloNIDine 9 mcg/mL NS, $18.00 
clopidogrel 5 mg/mL Oral Suspension, $15.60 
clopidogrel 75 mg Tab, $7.35 
clorazepate 3.75 mg Tab, $14.82 
clotrimazole Top 1% Crm 15 g, $312.00 
clotrimazole Top 1% Crm 28 g, $527.80 
clotrimazole Top 1% Sol 30 mL, $588.60 
clotrimazole-betamet 1%-0.05% Crm, $323.70 
"coagulation factor VIIa 1 mg/mL
"," $9,000.00 "
coagulation factor VIIa 1000 mcg (1 mg) REC," $9,000.00 "
coagulation factor VIIa 2000 mcg (2 mg) REC," $18,000.00 "
coagulation factor VIIa 5000 mcg (5 mg) REC," $45,000.00 "
codeine sulfate 15 mg Tab, $9.10 
colchicine 0.6 mg Tab, $90.60 
colistimethate 75 mg/mL SWI, $145.10 
collagenase Top 250 units/g Oint 30 gm," $1,574.40 "
cosyntropin 0.25 mg Inj," $1,075.90 "
cyanocobalamin 100 mcg Tab, $6.00 
cyanocobalamin 1000 mcg Tab, $0.25 
cyanocobalamin 1000 mcg/mL Inj Sol, $41.12 
cyclobenzaprine 10 mg Tab, $17.55 
cyclopentolate ophthalmic 1% Soln 5 mL, $643.50 
cyclopentolate Opth 0.5% Sol, $662.40 
cyclopentolate opth 1% sol 2 mL, $293.54 
cyclophosphamide 1000 mg IV Inj," $8,133.62 "
cyclophosphamide 2000 mg IV Inj," $16,267.35 "
cyclophosphamide 500 mg IV Inj," $4,066.81 "
cycloSPORINE MODIFIED 25 mg Cap, $17.55 
cycloSPORINE non-modified 100 mg Cap, $168.90 
cycloSPORINE non-modified 100 mg/mL Oral Liq," $4,160.00 "
cycloSPORINE non-modified 25 mg Cap, $42.15 
cycloSPORINE non-modified 50 mg/mL Inj Sol 5 mL, $418.00 
cyproheptadine 2 mg/5 mL Oral Syrup, $12.00 
cysteine 50 mg/mL Inj Sol 10 mL, $17.92 
cytarabine 100 mg/mL Inj Sol 20 mL, $320.00 
cytomegalovirus immune globulin 50 mg/mL IV Sol 50 mL," $12,237.50 "
dacarbazine 100 mg Inj, $179.84 
dacarbazine 200 mg Inj, $359.68 
DACTINomycin 0.5 mg IV Sol," $6,529.16 "
dalfopristin-quinupristin 500 mg IV Inj," $2,901.87 "
dantrolene 100 mg Oral Cap, $23.79 
dantrolene 25 mg Cap, $13.50 
dantrolene 250 mg IV inj," $13,251.77 "
dantrolene 50 mg/mL sterile water," $2,650.34 "
Dantrolene Oral Suspension 5 mg/mL, $23.79 
dapsone 25 mg Tab, $13.35 
DAPTOmycin 20 mg/mL NS, $122.22 
DAPTOmycin 500 mg IV Inj," $4,921.47 "
darbepoetin alfa **ESRD**  40 mcg/mL Inj Sol 1 mL," $2,329.20 "
darbepoetin alfa **ESRD** 100 mcg/mL Inj Sol 1 mL," $5,822.64 "
darbepoetin alfa **ESRD** 25 mcg/mL Inj Sol 1 mL," $1,455.68 "
darbepoetin alfa 100 mcg/mL Inj Sol 1 mL," $5,727.28 "
darbepoetin alfa 25 mcg/mL Inj Sol 1 mL, $997.36 
darbepoetin alfa 40 mcg/mL Inj Sol 1 mL," $2,291.12 "
DAUNOrubicin 5 mg/mL IV Liq 4 mL," $1,035.32 "
deferoxamine 500 mg Inj, $140.80 
defibrotide 80 mg/mL Inj Sol 2.5 mL," $1,982.84 "
desmopressin 0.1 mg Tab, $38.10 
desmopressin 0.1 mg/ml nasal Sol 2.5 mL," $1,266.40 "
desmopressin 0.1 mg/ml Nasal Spry," $1,657.20 "
desmopressin 0.2 mg Tab, $60.75 
desmopressin 1.5 mg/ml Nasal Spry," $4,685.60 "
desmopressin 4 mcg/mL IV Sol 10 mL, $980.30 
desonide Top 0.05% Crm 15 gm, $676.50 
desonide Top 0.05% Crm 60 gm," $2,164.80 "
desonide Top 0.05% Lotion," $1,991.84 "
desonide Top 0.05% Oint, $507.00 
desoximetasone Top 0.05% Crm 15 gm, $525.00 
desoximetasone Top 0.25% Crm 15 gm, $490.50 
desvenlafaxine 50 mg Tab- UD, $115.20 
dexameTHASONE 0.1 mg/mL NS **NICU**, $8.40 
dexameTHASONE 0.5 mg Tab, $15.60 
dexameTHASONE 0.5 mg/5 mL Oral Elix, $24.00 
dexameTHASONE 0.75 mg Tab, $15.60 
dexameTHASONE 1.5 mg Tab, $15.60 
dexameTHASONE 2 mg Tab, $15.60 
dexameTHASONE 4 mg Tab, $15.60 
dexameTHASONE 4 mg/mL Inj Sol 5 mL, $8.96 
dexameTHASONE Opth 0.1% Sol, $232.70 
dexameTHASONE/neomycin/polymyxin B Opth Oint 3.5 gm, $286.02 
dexameTHASONE4 mg/mL Inj Soln 30 mL, $8.96 
dexameTHASONE-tobramycin Opth 0.1%-0.3% Oint 3.5 gm," $1,392.44 "
dexameTHASONE-tobramycin Opth 0.1%-0.3% Susp 2.5 mL, $548.75 
dexMEDEtomidine 100 mcg/mL IV Sol 2 mL, $554.22 
dexMEDEtomidine 12 mcg/mL Inj **DRIP BOLUS**, $23.04 
dexMEDEtomidine 200 mcg/50 mL (4 mcg/mL)-NS IV Sol, $387.00 
dexMEDEtomidine 4 mcg/mL Inj **DRIP BOLUS**, $7.74 
dexmethylphenidate 5 mg ER Cap, $29.48 
dextran low molecular weight 10%-D5W IV Sol OR, $1.12 
"dextran, low molecular weight 10%-D5W IV Sol 500 mL", $560.00 
dextroamphetamine 5 mg Tab, $6.37 
dextromethorphan-guaiFENesin 10 mg-100 mg/5 mL Oral Liq 5 mL UD, $9.60 
"Dextrose 1.5% with Electrolytes (Dianeal Low Calcium, Delflex Low Ca Low Mg) intraperitoneal solution", $500.00 
Dextrose 1.5% with Electrolytes 5000 mL intraperitoneal Sol, $450.00 
Dextrose 10% in Water IV Sol 500 mL, $160.00 
Dextrose 10% in Water IV Soln 1000 mL, $160.00 
Dextrose 12.5% in Water IV Sol 500 mL, $400.00 
Dextrose 15% in Water IV Sol 500 mL, $520.00 
Dextrose 17.5% in Water IV Sol 500 mL, $440.00 
"Dextrose 2.5% with Electrolytes (Dianeal Low Calcium, Delflex Low Ca Low Mg) intraperitoneal solution", $500.00 
Dextrose 2.5% with Electrolytes 5000 mL intraperitoneal Sol, $500.00 
Dextrose 25% in Water IV Sol 500 mL, $440.00 
"Dextrose 4.25% with Electrolytes (Dianeal Low Calcium, Delflex Low Ca Low Mg) intraperitoneal solution", $500.00 
Dextrose 4.25% with Electrolytes 5000 mL intraperitoneal Sol, $500.00 
Dextrose 5% in Lactated Ringers IV Sol 1000 mL, $160.00 
Dextrose 5% in Lactated Ringers IV Sol 500 mL, $160.00 
Dextrose 5% in Water IV Sol 100 mL, $32.00 
Dextrose 5% in Water IV Sol 1000 mL, $160.00 
Dextrose 5% in Water IV Sol 50 mL, $184.00 
Dextrose 5% in Water IV Sol 500 mL, $80.00 
Dextrose 5% with 0.2% NaCl and KCl 20 mEq/l IV Sol 1000 mL, $160.00 
Dextrose 5% with 0.2% NaCl IV Sol 1000 mL, $160.00 
Dextrose 5% with 0.2% NaCl IV Sol 500 mL, $80.00 
Dextrose 5% with 0.33% NaCl and KCl 20 mEq/l IV Sol 1000 mL, $280.00 
Dextrose 5% with 0.33% NaCl IV Sol 500 mL, $160.00 
Dextrose 5% with 0.45% NaCl and KCl 10 mEq/l IV Sol 1000 mL, $160.00 
Dextrose 5% with 0.45% NaCl IV Sol 1000 mL, $160.00 
Dextrose 5% with 0.45% NaCl IV Sol 500 mL, $160.00 
Dextrose 5% with NS IV Sol 500 mL, $160.00 
Dextrose 50% in Water IV Sol 500 mL, $70.00 
dextrose 50% IV Sol 50 mL, $40.00 
Dextrose 70% in Water IV Sol 2000 mL, $260.00 
Dextrose 70% in Water IV Sol 500 mL, $195.00 
diatrizoate meglumine-diatrizoate sodium 66%-10% oral and rectal Sol, $900.00 
diazePAM 10 mg rectal kit," $1,986.81 "
diazePAM 2 mg Tab, $15.60 
diazePAM 2.5 mg rectal kit," $1,674.89 "
diazePAM 5 mg Tab, $15.60 
diazePAM 5 mg/5 mL Oral Soln, $72.15 
diazePAM 5 mg/mL Inj Sol 2 mL, $283.14 
diazePAM 5 mg/mL IV Inj OR, $198.12 
diazoxide 50 mg/mL Oral Susp, $18.00 
diclofenac sodium 50 mg Oral EC Tab, $12.04 
diclofenac sodium 75 mg Oral EC Tab, $22.35 
dicyclomine 10 mg Cap, $7.40 
dicyclomine 10 mg/5 mL Oral Syrup, $27.75 
didanosine 10 mg/mL Oral Susp, $15.60 
digoxin 100 mcg/mL (0.1 mg/mL) Inj Sol, $125.76 
digoxin 125 mcg (0.125 mg) Tab, $41.55 
digoxin 25 mcg/mL NS, $22.08 
digoxin 250 mcg (0.25 mg) Tab, $32.25 
digoxin 250 mcg/mL (0.25 mg/mL) Inj Sol 2 mL, $98.24 
digoxin 50 mcg/mL (0.05 mg/mL) Oral Elix, $13.52 
digoxin immune FAB 40 mg Inj," $6,005.92 "
dihydroergotamine 1 mg/mL Inj Sol 1mL," $1,325.90 "
dilTIAZem 1 mg/mL IV Sol OR, $8.48 
dilTIAZem 180 mg/24 hours Cap-ER, $16.95 
dilTIAZem 2 mg/mL IV Sol OR, $212.00 
dilTIAZem 5 mg/mL IV Sol 25 mL, $212.00 
dilTIAZem 5 mg/mL IV sol 5 mL, $44.80 
dimercaprol 10% Inj Sol 3 mL, $833.49 
dinutuximab 17.5 mg/5 mL Soln," $20,504.40 "
diphenhydrAMINE 12.5 mg/5 mL Oral Liq 120 mL, $24.00 
diphenhydrAMINE 25 mg Caplet, $6.00 
diphenhydrAMINE Top 2% Crm, $68.40 
diphth/haemophilus/pertussis/tetanus/polio, $836.70 
"diphtheria/pertussis,acel/tetanus/polio IM Susp", $484.50 
divalproex sodium 125 mg DR Tab, $16.05 
divalproex sodium 250 mg DR Tab, $8.25 
divalproex sodium 250 mg ER Tab, $35.25 
divalproex sodium 500 mg DR Tab, $39.39 
divalproex sodium 500 mg ER Tab, $61.95 
DOBUTamine 1000 mg/250 mL (4 mg/mL)-D5W IV Sol, $420.00 
DOBUTamine 12.5 mg/mL IV Sol 20 mL, $4.20 
DOBUTamine 4 mg/mL-D5W IV Sol OR, $420.00 
DOBUTamine 500 mg/250 mL (2 mg/mL)-D5W IV Sol, $510.00 
DOCEtaxel 10 mg/mL Inj Soln 2 mL, $97.90 
docusate sodium 100 mg Cap, $6.00 
docusate sodium 50 mg Cap, $6.00 
docusate sodium 50 mg/5 mL Oral Soln, $1.80 
dofetilide 125 mcg Cap, $104.10 
dofetilide 250 mcg Cap UD, $83.40 
DOPamine 1.6 mg/mL-D5W IV Sol OR, $0.60 
DOPamine 40 mg/mL IV Sol 10 mL, $22.80 
DOPamine 40 mg/mL IV Sol 5 mL, $30.00 
DOPamine 400 mg/250 mL (1.6 mg/mL)-D5W IV Sol, $150.00 
DOPamine 800 mg/250 mL (3.2 mg/mL)-D5W IV Sol, $220.00 
DOPamine in D5W 3.2 mg/mL OR, $0.96 
dornase alfa 2.5 mg/2.5 mL Inh Sol, $882.75 
doxepin 25 mg Cap, $10.01 
DOXOrubicin 2 mg/mL IV Sol 25 mL, $601.25 
DOXOrubicin 50 mg Powd, $24.05 
doxycycline 100 mg IV Inj, $452.92 
doxycycline hyclate 100 mg Cap, $24.90 
doxycycline hyclate 50 mg Cap, $28.50 
dronabinol 2.5 mg Cap, $62.27 
dronedarone 400 mg Tab, $113.10 
droperidol 2.5 mg/mL Inj Sol 2 mL, $39.04 
DULoxetine 20 mg Cap, $116.70 
DULoxetine 30 mg Cap, $91.65 
DULoxetine 60 mg Cap, $91.65 
eculizumab 10 mg/mL Soln 30 mL," $25,704.00 "
Electrolyte (Plasma-Lyte A) IV Sol 1000 mL, $160.00 
Electrolyte (Plasma-Lyte) IV Soln 500 mL, $240.00 
"emollients, topical - Gel", $43.20 
emtricitabine 10 mg/mL Oral Soln, $14.82 
enalapril 1 mg/mL Oral Soln, $16.59 
enalapril 10 mg Tab, $24.60 
enalapril 2.5 mg Tab, $18.30 
enalapril 5 mg Tab, $19.20 
enalaprilat 1.25 mg/mL IV Sol 1 mL, $69.28 
enalaprilat 25 mcg/mL NS, $4.64 
enoxaparin for injection, $133.55 
ePHEDrine 5 mg/mL IV Inj OR, $142.35 
ePHEDrine 50 mg/mL Inj Sol 1 mL, $297.70 
"EPINEPHrine 0.1 mg/mL Inj Sol (1:10,000) 10 mL", $136.00 
EPINEPHrine 0.15 mg/ 0.3 mL Inj kit," $1,620.08 "
EPINEPHrine 0.3 mg/0.3 mL Inj kit," $1,620.08 "
EPINEPHrine 100 mcg/mL IV Inj OR, $136.00 
EPINEPHrine bitartrate compounding Pwdr 5 gm, $340.45 
EPINEPHrine in D5W 0.02 mg/mL OR, $54.00 
EPINEPHrine in D5W 0.2 mg/mL OR, $46.80 
EPINEPHrine in D5W 1 mg/50 mL inj soln PB, $54.00 
EPINEPHrine in D5W 6 mg/30 mL inj soln PB, $46.80 
EPINEPHrine Nasal 1:1000 Sol, $906.00 
EPINEPHrine Spritzer 10 mcg/mL D5W 10 mL, $248.00 
"epoetin alfa **ESRD** 2,000 units/mL Inj Sol 1 mL", $297.84 
"epoetin alfa **ESRD** 3,000 units/mL Inj Sol 1 mL", $446.64 
"epoetin alfa **ESRD** 4,000 units/mL Inj Sol 1 mL", $595.60 
"epoetin alfa 10,000 units/mL Inj Sol 1 mL"," $1,488.88 "
"epoetin alfa 20,000 units/mL Inj Sol 1 mL"," $2,977.68 "
epoetin alfa 2000 units/mL Inj Sol, $297.84 
epoetin alfa 3000 units/mL Inj Sol 1 mL, $446.64 
epoetin alfa 4000 units/mL Inj Sol 1 mL, $595.60 
epoprostenol 1500 mcg IV Inj, $521.84 
ertapenem 20 mg/mL NS, $13.50 
erythromycin 5 mg/mL NS, $9.36 
erythromycin base 250 mg Tab, $12.90 
erythromycin ethylsuccinate 200 mg/5 mL Oral Liq, $227.25 
erythromycin ethylsuccinate 400 mg Tab, $12.90 
erythromycin lactobionate 500 mg Inj, $933.92 
erythromycin Opth 0.5% Oint 3.5 gm, $207.94 
erythromycin Top 2% Sol, $653.40 
escitalopram 10 mg Tab, $78.00 
escitalopram 5 mg Tab, $5.45 
eslicarbazepine 200 mg Tab, $161.60 
eslicarbazepine 400 mg Tab, $161.60 
esmolol (10 mg/mL) 2500 mg/250 mL IV Sol -NS," $1,957.50 "
esmolol (20 mg/mL) 2000 mg/100 mL IV Sol-NS PB," $2,988.00 "
esmolol 10 mg/mL IV Sol 10 mL, $24.96 
esomeprazole 10 mg Powd, $126.75 
esomeprazole 20 mg Powd, $126.75 
esomeprazole 5 mg Powd, $126.75 
"estrogens, conjugated 0.625 mg Tab", $54.60 
"estrogens, conjugated 25 mg IV Inj"," $1,628.72 "
eszopiclone 1 mg Tab, $163.02 
ethacrynic acid 25 mg Tab, $241.41 
ethacrynic acid 50 mg IV Inj, $373.92 
ethambutol 100 mg Tab, $9.23 
ethanol 70% lock solution, $77.80 
ethanol 99% Inj Sol 5 mL," $1,998.10 "
ethinyl estradiol-ethynodiol 35 mcg-1 mg Tab, $327.60 
ethinyl estradiol-ethynodiol 50 mcg-1 mg Tab, $304.92 
ethinyl estradiol-norethindrone 20 mcg-1 mg Tab, $940.80 
ethinyl estradiol-norethindrone 30 mcg-1.5 mg Tab, $319.41 
ethiodized oil 480 mg/mL Soln," $6,910.40 "
ethosuximide 250 mg Cap, $28.05 
ethosuximide 250 mg/5 mL Oral Syrup, $45.75 
etomidate 2 mg/mL IV Inj OR, $148.80 
"etomidate 2 mg/mL IV Sol 20 mL
", $246.40 
etoposide 20 mg/mL IV Sol 25 mL, $493.50 
etoposide 20 mg/mL IV Sol 5 mL, $172.00 
etoposide 20 mg/mL IV Sol 50 mL," $1,020.50 "
etoposide 50 mg Cap, $933.66 
etoposide phosphate 100 mg REC," $1,565.08 "
Eucerin Cream 454 gm, $108.96 
Eucerin Cream 60 gm, $57.60 
factor IX complex human IV Inj, $14.40 
factor VIII recombinant 500 unit," $4,260.00 "
famotidine 10 mg/mL IV Soln 20 mL, $10.24 
"Fat Emul, 20% IV 100 mL", $273.00 
"Fat Emul, 20% IV 250 mL", $682.50 
"Fat Emul, 20% IV 500 mL"," $1,365.00 "
"fat emulsion (fish oil and plant based), 20% IV 100 mL", $273.00 
"fat emulsion (fish oil and plant based), 20% IV 250 mL", $682.50 
"fat emulsion (fish oil and plant based), 20% IV 500 mL"," $1,365.00 "
fat emulsion 0.2 gm/mL, $2.73 
felbamate 400 mg Tab, $70.50 
felbamate 600 mg/ 5 mL Oral Susp, $169.50 
fentaNYL 0.05 mg/mL (50 mcg/ml) Inj Sol 2 mL OR, $7.54 
fentaNYL 0.05 mg/mL (50 mcg/mL) Inj Sol 20 mL, $75.40 
fentaNYL 0.05 mg/mL (50 mcg/mL) Inj Sol 5 mL OR, $65.00 
fentaNYL 10 mcg/mL 10 mL, $156.00 
fentaNYL 10 mcg/mL Inj **DRIP BOLUS**, $9.62 
fentaNYL 12 mcg/hr Transderm ER Patch, $170.80 
fentaNYL 50 mcg/hr Transderm ER Patch, $221.90 
fentaNYL 75 mcg/hr Transderm ER Patch, $304.83 
ferrous sulfate (elemental) 15 mg/mL Oral Soln, $13.68 
ferrous sulfate 325 mg Tab, $6.00 
fibrinogen, $14.72 
fidaxomicin 200 mg Tab, $200.64 
filgrastim (GCSF)300 mcg/mL Inj Sol 1 mL," $2,434.24 "
filgrastim-aafi (Nivestym) 20 mcg/mL D5W, $140.16 
filgrastim-aafi (Nivestym) 300 mcg/mL Inj Sol 1 mL," $2,102.40 "
flecainide 100 mg Tab, $42.64 
Flecainide Oral Suspension 20 mg/mL, $12.61 
fluconazole 2 mg/mL NS, $3.00 
fluconazole 200 mg/100 mL NS IV Sol PB, $170.00 
fluconazole 400 mg/200 mL NS IV Sol PB, $660.00 
fluconazole 50 mg Tab, $43.05 
fluCYTOSine 250 mg Cap, $138.08 
fluCYTOSine 500 mg Cap," $1,469.60 "
fludarabine 25 mg/mL Inj Soln 2mL," $3,069.00 "
fludrocortisone 0.1 mg Tab, $12.48 
flumazenil 0.1 mg/mL IV Inj OR, $104.80 
flumazenil 0.1 mg/mL IV Sol 5 mL, $149.60 
flunisolide 250 mcg/inh Inh Aer, $823.90 
fluocinolone Top 0.01% Sol," $1,214.40 "
fluocinolone Top 0.025% Crm, $313.50 
fluorescein 10% Inj Soln 5 mL, $268.80 
fluorescein ophthalmic 1 mg Test, $2.21 
fluOROURAcil 50 mg/mL IV Sol 10 mL, $97.60 
fluOROURAcil 50 mg/mL IV Sol 50 mL, $296.00 
fluOROURAcil 50 mg/mL IV Soln 100 mL, $608.00 
FLUoxetine 20 mg Cap, $44.70 
FLUoxetine 20 mg/5 mL Oral Sol, $88.50 
fluticasone 110 mcg/inh Inh Aer," $1,492.80 "
fluticasone 220 mcg/inh Inh Aer," $2,320.32 "
fluticasone 44 mcg/inh Inh Aer," $1,115.12 "
fluticasone nasal 27.5 mcg/inh Spray," $1,506.00 "
fluticasone Top 0.05% Crm 15 gm, $241.80 
fluticasone Top 0.05% Crm 30 gm, $316.80 
fluticasone Top 0.05% Crm 60 gm, $654.00 
fluvoxaMINE 50 mg Tab, $32.40 
folic acid 1 mg Tab, $5.72 
folic acid 5 mg/mL Inj Sol 10 mL, $37.66 
Folic Acid Oral Solution 500 mcg/mL, $32.25 
fomepizole 1 g/mL IV Sol 1.5 mL," $7,780.28 "
fosaprepitant 1 mg/mL NS, $2.24 
fosaprepitant 150 mg Inj Sol," $1,670.83 "
foscarnet 24 mg/mL IV Soln," $2,340.00 "
fosphenytoin 25 mg/mL NS, $14.40 
furosemide 10 mg/mL Inj Sol 2 mL, $63.36 
furosemide 10 mg/mL IV Inj OR, $44.80 
furosemide 10 mg/mL Oral Liq, $15.60 
furosemide 20 mg Tab, $15.60 
gabapentin 250 mg/5 mL Oral Sol, $52.50 
gadobenate dimeglumine 529 mg/mL Soln, $477.60 
gadobutrol 604.72 mg/mL 2 mL Soln, $268.16 
gadobutrol 604.72 mg/mL 7.5 mL Soln," $1,005.60 "
gadofosveset trisodium 244 mg/mL IV Soln," $2,356.80 "
gadoxetate 181.43 mg/mL Soln," $2,204.80 "
ganciclovir 500 mg IV Inj, $818.20 
ganciclovir ophthalmic 0.15% ophth gel," $2,252.40 "
gemcitabine 1 g IV Inj," $6,111.72 "
gemcitabine 2 g IV Inj, $824.31 
gemcitabine 200 mg IV Inj," $1,222.29 "
gemcitabine 38 mg/mL Soln, $106.59 
gentamicin 10 mg/mL Inj Sol 2 mL, $55.44 
gentamicin 2 mg/mL NS (less than 5 kg), $3.48 
gentamicin 40 mg/mL Inj Sol 2 mL, $27.96 
gentamicin 40 mg/mL Inj Sol 20 mL, $16.38 
gentamicin 5 mg/mL NS (5 kg or greater), $2.88 
gentamicin 80 mg/50 mL-0.9% Soln, $2.04 
gentamicin 80 mg/NaCl 0.9% 100 mL, $204.00 
gentamicin ANESC 40 mg/mL Inj Sol, $39.36 
gentamicin Opth 0.3% Oint, $215.22 
gentamicin Opth 0.3% Sol, $391.50 
gentamicin Top 0.1% Crm, $414.00 
glycerin adult Supp, $12.61 
glycerin compounding Liq 480 mL, $15.60 
glycerin enema, $19.13 
glycopyrrolate 0.2 mg/mL Inj Sol OR, $213.44 
glycopyrrolate 0.2 mg/mL Sol 1 mL, $304.80 
glycopyrrolate 1 mg/5 mL Soln, $14.85 
glycopyrrolate 250 mcg Tab**, $15.90 
granisetron 50 mcg/mL NS, $30.33 
guaiFENesin 100 mg/5 mL Oral Liq, $9.00 
guanFACINE 1 mg Tab, $15.75 
guanFACINE 1 mg Tab-ER, $147.15 
haloperidol 0.5 mg Tab, $1.69 
haloperidol 1 mg Tab, $2.99 
haloperidol 2 mg/mL Oral Conc, $567.60 
haloperidol 5 mg Tab, $15.21 
haloperidol 5 mg/mL Inj Sol, $138.24 
hemin 350 mg IV Inj," $62,015.82 "
heparin (2 units/mL) 1000 units/500 mL-NaCl 0.9% Soln, $80.00 
heparin *1000 units/mL Inj Sol 10 mL, $176.00 
"heparin 10,000 units/mL Inj Sol 5 mL", $108.64 
heparin 100 units/mL Inj **DRIP BOLUS**, $11.20 
heparin 1000 units/mL Inj OR, $17.60 
heparin 1000 units/mL Inj Sol PF 2 mL, $110.88 
heparin 2 units/mL  50 mL, $8.00 
heparin 5000 units/mL Inj Sol 1 mL, $100.00 
heparin flush 10 units/mL Soln 5 mL, $148.80 
heparin flush 100 units/mL Soln 1 mL, $53.92 
heparin flush 100 units/mL Soln 3 mL, $3.68 
heparin flush non-titratable 100 units/mL Soln 1 mL, $18.08 
heparin non-titratable 1000 units/mL Inj Sol PF 2 mL, $110.88 
hepatitis B adult vaccine 40 mcg/mL Inj DIALYSIS," $1,334.88 "
hepatitis B immune globulin IM Soln 0.5 mL, $736.25 
hepatitis B immune globulin IM Soln 1 mL," $1,110.72 "
hepatitis B immune globulin IM Soln 5 mL," $5,328.40 "
hetastarch 60 mg/mL-NS 500 mL IV Sol, $560.00 
human papillomavirus vaccine 9-valent Susp," $1,042.12 "
hyaluronidase 200 units/mL Inj Sol 1.2 mL, $691.42 
hydrALAZINE 0.2 mg/mL NS (doses less than 2 mg), $5.12 
hydrALAZINE 25 mg Tab, $20.80 
hydrALAZINE 4 mg/mL Oral Susp, $13.00 
hydroCHLOROthiazide Oral Suspension  5 mg/mL, $2.85 
hydrocortisone 1 mg/mL NS, $2.08 
hydrocortisone 10% Rectal Foam," $2,748.00 "
hydrocortisone 100 mg Inj, $88.96 
hydrocortisone 100 mg PF REC, $165.76 
hydrocortisone 100 mg/60 mL Rectal Susp, $225.00 
hydrocortisone 250 mg Inj, $214.72 
hydrocortisone ANESC 50 mg/mL IV Inj, $88.96 
Hydrocortisone Oral Suspension 2 mg/mL, $15.60 
hydrocortisone Top 0.5% Crm, $63.00 
hydrocortisone Top 0.5% Oint, $76.50 
hydrocortisone Top 1% Crm, $89.30 
hydrocortisone Top 1% Oint, $114.82 
hydrocortisone Top 2.5% Crm, $202.50 
HYDROmorphone 1 mg/mL Inj Soln 1 mL, $25.61 
HYDROmorphone 1 mg/mL Liquid, $7.20 
HYDROmorphone 10 mg/mL Inj Sol 1 mL, $16.12 
HYDROmorphone 10 mg/mL Inj Sol 5 mL, $16.12 
HYDROmorphone 2 mg Tab, $11.18 
HYDROmorphone 2 mg/mL Inj Sol 1 mL, $16.12 
HYDROmorphone 2 mg/mL Inj Sol 20 mL, $12.22 
hydroxocobalamin 2.5 g IV Inj," $6,835.00 "
hydroXYUREA 100 mg/mL Oral Soln, $13.00 
hydroXYUREA 200 mg Oral Cap, $16.50 
hydroXYUREA 300 mg Oral Cap, $16.35 
hydroXYUREA 500 mg Cap, $16.35 
hydrOXYzine hydrochloride 10 mg/5 mL Oral Syrup, $15.75 
hydrOXYzine hydrochloride 50 mg/mL IM Sol 2 mL, $67.20 
hydrOXYzine pamoate 25 mg Cap, $15.60 
hydrOXYzine pamoate 50 mg Cap, $15.60 
hylan G-F 20 8 mg/mL intra-articular Sol 2 mL," $2,620.00 "
hypromellose 0.3% (ocular lubricant) gel, $105.60 
ibuprofen 10 mg/mL IV Sol 2 mL," $4,610.70 "
ibuprofen 100 mg/5 mL Oral Susp Bulk, $9.00 
ibuprofen 100 mg/5 mL Oral Susp UD, $9.00 
ibuprofen 200 mg Tab, $6.00 
ibuprofen 400 mg Tab, $6.00 
IDArubicin 1 mg/mL IV Sol 10 mL," $1,828.20 "
IDArubicin 1 mg/mL IV Sol 5 mL, $664.80 
idursulfase 2 mg/mL IV Sol," $15,472.20 "
ifosfamide 1 g IV Inj, $761.80 
ifosfamide 3 g IV Inj," $1,384.24 "
iloprost 10 mcg/mL Soln, $651.90 
imatinib 100 mg Tab, $288.20 
imatinib 400 mg Tab," $2,169.37 "
imiglucerase 200 units IV Inj," $7,204.50 "
imiglucerase 400 units IV Inj," $8,004.90 "
imipenem-cilastatin 500 mg Inj, $204.80 
imipramine 10 mg Tab, $13.65 
imipramine 25 mg Tab, $13.65 
imipramine 50 mg Tab, $15.15 
immune globulin 1 gm IV soln 10 mL (Gammagard), $167.20 
immune globulin 10 gm IV soln 100 mL (Gammagard)," $1,672.00 "
immune globulin 2.5 gm IV soln 25 mL (Gammagard), $418.00 
immune globulin 20 gm IV soln 200 mL (Gammagard)," $3,344.00 "
immune globulin 5 gm IV soln 50 mL (Gammagard), $836.00 
indigo carmine 8 mg/mL Inj Sol, $166.40 
indinavir 200 mg Cap, $19.20 
indocyanine green 25 mg," $1,146.33 "
indomethacin 1 mg IV Inj," $3,714.40 "
indomethacin 25 mg/5 mL Oral Susp, $114.00 
inFLIXimab 100 mg IV Inj," $4,717.44 "
inFLIXimab-abda 100 mg IV Inj," $8,136.63 "
inFLIXimab-axxq 100 mg IV Inj," $5,400.00 "
inFLIXimab-dyyb 100 mg IV Inj," $4,492.80 "
"influenza virus vaccine, inactivated recombinant hemagglutinin Soln (Flublok)", $278.14 
insulin aspart 100 units/mL SubQ Sol 10 mL," $1,640.80 "
insulin degludec 100 units/mL SubQ Sol 3mL," $1,083.12 "
insulin glargine 10 units/mL NS **NICU**, $35.92 
insulin glargine 100 units/mL SubQ Sol 10 mL," $2,006.40 "
insulin lispro 10 units/mL Soln SubQ Inj 10 mL - DILUTION, $295.00 
insulin lispro 100 units/mL Soln SubQ Inj 3 mL, $885.00 
insulin NPH 100 units/mL SubQ Inj 3 mL (HumuLIN N), $613.47 
insulin regular 1 unit/mL NS **NICU**, $21.96 
insulin regular 100 units/mL Inj Sol 3 mL (HumuLIN R), $566.28 
"interferon alfa-2b 10,000,000 intl units/mL Soln 3.2 mL"," $1,734.16 "
"interferon alfa-2b 10,000,000 unit/mL REC"," $1,724.88 "
interferon alfa-2b 18000000 intl units/mL REC," $3,104.88 "
iohexol 180 mg/mL Inj Sol 10 mL, $880.00 
iohexol 240 mg/mL Inj Sol 10 mL, $664.30 
iohexol 300 mg/mL Soln 20 mL, $448.00 
iohexol 300 mg/mL Soln 200 mL," $3,808.00 "
iohexol 300 mg/mL Soln 30 mL, $672.00 
iohexol 350 mg/mL Soln 100 mL," $1,696.00 "
iohexol 350 mg/mL Soln 50 mL, $848.00 
iothalamate 17.2% Soln, $455.00 
iothalamate 60% Soln, $4.55 
ioversol 68% Soln 100 mL, $816.00 
ipratropium CFC free 17 mcg/inh Inh," $2,100.12 "
irbesartan 300 mg Tab, $51.60 
iron polysaccharide 15 mg/mL Liquid, $2.76 
iron polysaccharide 150 mg Cap, $6.00 
isoflurane 100% Inh Liq 100 mL, $182.00 
isoleucine powder, $41.30 
isoniazid 100 mg Tab, $15.60 
isoniazid 300 mg Tab, $27.90 
isoniazid 50 mg/5 mL Oral Syrup, $33.75 
isopropyl alcohol Top 70% Liq, $67.20 
Isradipine 1 mg/mL Oral Suspension, $25.05 
isradipine 2.5 mg Cap, $17.40 
itraconazole 10 mg/mL Oral Sol, $24.75 
itraconazole 100 mg Cap, $266.37 
ivermectin 3 mg Tab, $70.65 
ketamine 10 mg/mL Inj **DRIP BOLUS**, $17.81 
ketamine 100 mg/mL Inj Sol 5 mL, $112.45 
ketamine 2 mg/mL Inj **DRIP BOLUS**, $4.55 
ketamine 50 mg/mL Inj Sol 10 mL, $113.10 
ketamine 50 mg/mL IV Inj OR, $11.31 
ketoconazole Top 2% Crm, $389.25 
ketoconazole Top 2% Shampoo, $421.20 
ketorolac 10 mg Tab, $33.67 
labetalol 100 mg Tab, $9.23 
labetalol 40 mg/mL Oral Susp, $9.23 
labetalol 5 mg/mL IV Inj OR, $2.04 
labetalol 5 mg/mL IV Sol 20 mL, $2.04 
labetalol 5 mg/mL IV Soln 40 mL, $2.04 
LACOSamide 10 mg/1 mL IV Soln 20 mL, $360.10 
LACOSamide 100 mg Tab, $150.54 
LACOSamide 200 mg Tab, $159.25 
LACOSamide 50 mg Tab, $96.20 
LACOSamide10 mg/mL Soln Oral, $72.80 
lactase 3000 units Tab, $6.00 
Lactated Ringers IV Sol 1000 mL, $160.00 
Lactated Ringers IV Sol 500 mL, $80.00 
lactobacillus rhamnosus GG oral capsule, $3.50 
lactulose 10 g/15 mL Oral Syrup 473 mL, $14.85 
lamiVUDine-zidovudine 150 mg-300 mg Tab, $208.95 
lamoTRIgine 100 mg Tab, $60.15 
lamoTRIgine 25 mg Chew Tab, $55.50 
lamoTRIgine 5 mg Chew Tab, $15.90 
lanolin-mineral Top oil 240 mL, $86.40 
lanolin-mineral Top oil 480 mL, $115.20 
lansoprazole 3 mg/mL Susp, $10.20 
lansoprazole 30 mg Oral EC Cap, $71.55 
laronidase 2.9 mg/5 mL IV Sol," $5,886.00 "
leucovorin 100 mg IV Inj, $44.44 
leucovorin 350 mg IV Inj, $214.50 
leucovorin 5 mg Tab, $35.25 
"leuprolide 11.25 mg/month IM Inj, ER"," $9,896.85 "
"leuprolide 3.75 mg/month IM Inj, ER"," $7,250.24 "
leuprolide 7.5 mg/month IM Inj," $8,636.48 "
levETIRAcetam 100 mg/mL Oral Sol, $7.77 
levETIRAcetam 15 mg/mL NaCl 0.54% Soln, $12.60 
levETIRAcetam 1500 mg/100 mL Soln PB," $1,260.00 "
levETIRAcetam 750 mg Tab, $60.15 
levOCARNitine 100 mg/mL Oral Sol, $3.77 
levOCARNitine 200 mg/mL Inj Sol 5 mL, $80.28 
levoFLOXacin 25 mg/mL Oral Sol, $16.05 
levoFLOXacin 250 mg Tab, $163.02 
levoFLOXacin 250 mg/50 mL D5W IV Sol PB, $396.00 
levoFLOXacin 5 mg/mL D5W, $7.92 
levoFLOXacin 500 mg Tab, $465.79 
levoFLOXacin 500 mg/100 mL D5W IV Sol PB, $792.00 
levonorgestrel 0.75 mg Tab, $338.36 
levonorgestrel 1.5 mg Tab, $339.24 
levothyroxine 100 mcg (0.1 mg) Inj," $1,191.51 "
levothyroxine 100 mcg (0.1 mg) Tab, $17.29 
levothyroxine 125 mcg (0.125 mg) Tab, $12.09 
levothyroxine 150 mcg (0.15 mg) Tab, $12.09 
levothyroxine 175 mcg (0.175 mg) Tab, $12.09 
levothyroxine 25 mcg (0.025 mg) Tab, $17.29 
levothyroxine 25 mcg/mL Oral Suspension, $16.90 
levothyroxine 50 mcg (0.05 mg) Tab, $17.29 
levothyroxine 75 mcg (0.075 mg) Tab, $17.29 
levothyroxine 88 mcg (0.088 mg) Tab, $11.31 
lidocaine 100 mg/5 mL Inj Sol Syringe, $72.00 
lidocaine 2000 mg (0.8%)-D5W Inj Sol 250 mL, $90.00 
lidocaine HCl powder 100 gm, $15.60 
lidocaine ophthalmic 3.5% Gel, $291.20 
lidocaine Top 5% Patch, $138.15 
lidocaine viscous 2% Sol 15 mL UD, $212.55 
lidocaine viscous 2% Soln 100 mL, $15.60 
linezolid 100 mg/5 mL Oral Susp, $341.25 
linezolid 2 mg/mL D5W, $11.31 
linezolid 600 mg Tab," $1,574.90 "
lisdexamfetamine 20 mg Cap, $86.97 
lisdexamfetamine 30 mg Cap, $86.97 
lisinopril 2.5 mg Tab, $1.95 
lisinopril 20 mg Tab UD, $17.85 
lisinopril 5 mg Tab, $4.35 
lithium 150 mg Cap, $2.08 
lithium 300 mg Cap, $3.77 
lithium 450 mg ER Tab, $13.00 
lomustine 10 mg Oral Cap, $142.56 
lomustine 40 mg Oral Cap, $402.30 
LOPERamide 1 mg/7.5 mL Oral Liq, $5.63 
LOPERamide 2 mg Cap, $13.65 
loratadine 10 mg Tab UD, $10.32 
loratadine 5 mg/5 mL Oral Syrup, $5.40 
LORazepam 2 mg Tab, $4.29 
losartan 25 mg Tab, $38.70 
lurasidone 20 mg Tab, $122.54 
lurasidone 40 mg Tab, $122.54 
macitentan 10 mg Tab, $832.28 
magnesium chloride 200 mg/mL Inj Soln 50 mL, $5.52 
magnesium citrate 1.745 g/30 mL Oral Liq 300 mL, $36.00 
magnesium gluconate 1000 mg/5 mL Oral Liq, $1.20 
magnesium gluconate 500 mg Tab, $6.00 
magnesium hydroxide 8% Oral Susp 30 mL UD, $10.80 
magnesium oxide 400 mg (240 mg magnesium) Tab, $6.00 
magnesium sulfate (Epsom Salt) Pwdr, $54.48 
magnesium sulfate 1000 mg (50%) Inj Sol 2 mL, $24.32 
magnesium sulfate 20000 mg/ 500 mL Inj Sol, $120.00 
magnesium sulfate 4000 mg/100 mL Soln **BOLUS**, $108.00 
magnesium sulfate 50% (500 mg/ml) Inj Sol 10 mL, $30.00 
magnesium sulfate 50% (500 mg/mL) Inj Soln 20 mL, $4.80 
magnesium sulfate 500 mg/mL IV Inj OR, $24.32 
manganese chloride 0.1 mg/mL IV Sol 10 mL, $22.26 
mannitol (25%) 12.5 gm IV Sol 50 mL, $32.00 
mannitol 20% 100 gm/500 mL IV Sol OR, $0.44 
mannitol 20% 50 gm/ 250 mL IV Sol PB, $420.00 
measles virus vaccine SubQ Inj, $215.04 
measles/mumps/rubella virus vaccine SubQ Inj, $863.80 
measles/mumps/rubella/varicella virus vaccine SQ Inj," $1,360.48 "
medium chain triglycerides 100% Oil, $25.20 
medroxyPROGESTERone 10 mg Tab, $29.51 
medroxyPROGESTERone 150 mg/mL IM Susp 1 mL," $1,206.90 "
megestrol 40 mg/mL Oral Susp, $9.23 
melatonin 1 mg Tab, $6.00 
melatonin 3 mg Tab, $6.00 
melatonin 5 mg Tab, $3.64 
melphalan 50 mg IV Inj," $15,180.54 "
melphalan intravitreal 250 mcg/mL NS, $75.84 
meningococcal conjugate vaccine (Menactra) IM Sol," $1,822.08 "
meningococcal conjugate vaccine (Menveo) IM Sol," $1,400.00 "
meningococcal group B vaccine," $1,993.92 "
meperidine 10 mg/mL Inj Sol 30 mL PCA, $175.50 
meperidine 25 mg/mL Inj Sol 1 mL, $14.43 
meperidine 50 mg Tab, $33.02 
meperidine ANESC 5 mg/mL Iv inj, $2.86 
mercaptopurine 50 mg Tab, $54.88 
mesalamine 250 mg ERCap, $32.70 
mesalamine 4 g/60 mL Rectal Enema, $382.20 
mesna 100 mg/mL Inj Sol 10 mL, $24.24 
metFORMIN 500 mg/5 mL Oral Sol, $48.75 
methadone 0.5 mg/0.5 mL, $67.60 
methadone 10 mg Tab, $15.60 
methadone 10 mg/5 mL Soln, $11.05 
methadone 2 mg/mL Soln, $15.60 
methadone 2.5 mg/2.5 mL, $30.55 
methadone ANESC 10 mg/mL IV Inj, $135.20 
methIMAzole 5 mg Tab, $8.54 
methionine powder, $33.66 
methocarbamol 750 mg Tab, $15.21 
methohexital 500 mg IV Inj, $346.85 
methotrexate 1 g Powd, $848.51 
methotrexate 2.5 mg Tab, $47.68 
methotrexate 25 mg/mL Inj Soln, $69.76 
methotrexate 25 mg/mL PF Inj Sol 10 mL, $412.80 
methoxsalen 20 mcg/mL Inj Soln 10 mL," $2,725.47 "
methylene blue topical 0.5%, $27.46 
methylnaltrexone bromide 12 mg/0.6 mL Inj Soln, $595.19 
methylphenidate 10 mg ER Cap, $16.54 
methylphenidate 10 mg Tab, $11.44 
methylphenidate 18 mg/24 hr ER Tab, $109.72 
methylphenidate 20 mg ER Cap, $16.54 
methylphenidate 20 mg/24 hr ERCap, $82.55 
methylphenidate 27 mg/24 hr ER Tab, $112.45 
methylPREDNISolone 1 g Inj 16 mL, $555.60 
methylPREDNISolone 125 mg PF Inj 2 mL, $148.96 
methylPREDNISolone 4 mg Tab, $38.70 
methylPREDNISolone 40 mg Inj 1 mL, $92.32 
methylPREDNISolone 500 mg Inj 8 mL, $242.24 
methylPREDNISolone acetate 40 mg/mL Inj Susp 1 mL, $191.20 
methylPREDNISolone acetate 40 mg/mL Inj Susp 5 mL, $386.10 
methylPREDNISolone acetate 80 mg/mL Inj Susp 1 mL, $331.52 
methylPREDNISolone sod suc 10 mg/mL NS OR, $4.50 
metoclopramide 1 mg/1 mL Oral Syrup, $3.00 
metoclopramide 10 mg Tab, $15.60 
metoclopramide 5 mg Tab, $15.60 
metoclopramide 5 mg/mL Inj Sol 2 mL, $27.84 
metOLazone 10 mg Tab, $65.10 
metOLazone 2.5 mg Tab, $16.35 
metOLazone 5 mg Tab, $32.40 
metOLazone Oral Suspension 1 mg/mL, $15.60 
metoprolol 1 mg/mL Soln 5 mL, $16.25 
metoprolol 12.5 mg Tab, $3.77 
metoprolol 25 mg Tab UD, $3.77 
metoprolol 25 mg/2.5 mL Oral Suspension, $8.45 
metoprolol 50 mg Tab, $15.60 
metroNIDAZOLE 250 mg Tab, $15.60 
metroNIDAZOLE 5 mg/mL NS, $0.36 
metroNIDAZOLE 50 mg/mL Oral Suspension, $15.60 
metroNIDAZOLE 500 mg Tab, $15.60 
metroNIDAZOLE 500 mg/100 mL IV Sol, $24.00 
mexiletine 150 mg Cap, $32.10 
micafungin 1 mg/mL NS, $18.80 
micafungin 50 mg IV Inj, $943.80 
miconazole 100 mg Vag Supp, $15.60 
miconazole 2% Vag Crm w/Appl 45 gm, $124.20 
midazolam 1 mg/mL PF 2 mL Soln, $41.60 
midazolam 1 mg/mL PF Inj Sol 5 mL OR, $14.56 
midazolam 2 mg/mL Syrup 5 mL UD, $156.65 
midazolam 5 mg/mL Inj Sol 2 mL OR, $14.56 
midazolam 5 mg/mL PF inj soln 1 mL, $14.56 
midazolam 5 mg/mL Sol 10 mL, $145.60 
midodrine 2.5 mg Tab, $5.00 
milrinone 1 mg/mL IV Sol 10 ml, $11.76 
milrinone 1 mg/mL Soln Inj 50 mL, $18.56 
milrinone Premix 1 mg/mL OR, $12.00 
miltefosine 50 mg Cap," $1,373.40 "
mineral oil 100% Liq for OR 10 mL, $152.60 
mineral oil 100% Oral Liq 480 mL, $2.40 
mineral oil 100% Rectal Enema 133 mL, $39.90 
minocycline 100 mg Cap, $42.30 
mirtazapine 15 mg Dis Tab, $15.15 
mitoMYcin 20 mg Powd," $1,565.63 "
mitomycin 5 mg IV Inj," $2,926.44 "
mitoXANtrone 2 mg/mL IV Sol 10 mL," $3,566.20 "
mitoXANtrone 2 mg/mL IV Sol 15 mL," $4,281.75 "
mometasone Top 0.1% Crm 15 gm, $319.80 
mometasone Top 0.1% Oint 15 gm, $282.75 
morphine 1 mg/mL Inj ** BOLUS**, $1.95 
morphine 1 mg/mL PF NS 100 mL - CADD, $112.00 
morphine 10 mg/5 mL Soln Oral, $5.85 
morphine 10 mg/mL IV Inj OR, $18.85 
morphine 10 mg/mL PF Inj Soln 20 mL, $12.09 
morphine 15 mg/8 to 12 hr ER Tab, $32.37 
morphine 30 mg ER Tab, $92.56 
morphine 60 mg/12 hours Tab-, $50.05 
moxifloxacin 0.5% Opth Sol," $1,609.50 "
moxifloxacin 1.6 mg/mL SWI, $2.60 
moxifloxacin 20 mg/mL Oral Susp, $14.82 
moxifloxacin 400 mg Tab, $363.48 
moxifloxacin 400 mg/250 mL IV Sol PB, $650.00 
Multiple Vitamins IV Sol 10 mL (Infuvite), $155.40 
Multiple Vitamins IV Sol 100 mL, $12.60 
Multiple Vitamins Oral Liq 120 mL, $4.80 
Multiple Vitamins with Minerals Oral Liq 240 mL, $3.60 
multivitamin with minerals (DEKAs Plus) Chew Tab, $7.98 
multivitamin with minerals (DEKAs Plus) Oral Soln, $6.72 
multivitamin with minerals (NanoVM 1-3), $4.70 
multivitamin with minerals (NanoVM 4-8), $6.90 
multivitamin with minerals (NanoVM t/f), $5.05 
mumps virus vaccine SubQ Inj, $246.12 
mupirocin Top 2% Crm 30 gm," $1,212.00 "
mupirocin Top 2% nasal Oint, $260.25 
mupirocin topical 2% Cream 15 gm," $1,143.00 "
mycophenolate 6 mg/mL D5W, $10.00 
mycophenolate mofetil 200 mg/mL Oral Susp, $102.15 
mycophenolate mofetil 250 mg Cap, $98.25 
mycophenolate mofetil 500 mg REC, $841.70 
mycophenolate mofetil 500 mg Tab, $99.30 
nadolol 20 mg Tab, $66.00 
nafcillin 1 g Inj, $196.48 
nafcillin 100 mg/mL IV Inj OR, $196.48 
nafcillin 40 mg/mL NS, $14.40 
nalbuphine 10 mg/mL Inj Sol 1 mL, $36.96 
naloxone 1 mg/mL Inj Sol 2 mL, $317.72 
naphazoline Opth 0.1% Sol, $130.50 
naproxen 125 mg/5 mL Oral Susp, $9.75 
naproxen 250 mg Tab, $15.90 
naproxen 375 mg Tab, $14.10 
natural colloidal oatmeal bar, $22.92 
natural colloidal oatmeal lotion, $64.80 
nelarabine 5 mg/mL IV Sol 50 mL," $5,907.00 "
"nelarabine 5 mg/mL
", $118.14 
nelfinavir 250 mg Tab, $45.60 
neomycin 25 mg/mL Oral Suspension, $14.82 
neostigmine 1 mg/mL Inj Sol OR, $9.00 
nevirapine 50 mg/5 mL Oral Susp, $90.00 
niCARdipine 2.5 mg/mL Inj Sol 10 mL, $465.60 
niCARdipine 2.5 mg/mL IV Inj OR, $324.80 
NIFEdipine 10 mg Cap, $16.35 
NIFEdipine 30 mg ER Tab, $22.54 
NIFEdipine 60 mg ER Tab, $27.90 
NIFEdipine Oral Suspension 4 mg/mL, $15.60 
nitazoxanide 100 mg/5 mL Oral Liq, $115.50 
nitazoxanide 500 mg Tab, $502.58 
nitrofurantoin 25 mg/5 mL Oral Susp, $201.00 
nitrofurantoin macrocrystals 100 mg Cap, $61.05 
nitrofurantoin macrocrystals 50 mg Cap, $28.65 
nitroglycerin 0.4 mg sublingual Tab, $236.25 
nitroglycerin 1 mg/mL IV Inj OR, $169.60 
nitroglycerin 2% Top Oint 1gm, $45.30 
nitroglycerin 400 mcg/mL-D5W(100 mg/250 mL) PB, $150.00 
nitroglycerin 5 mg/mL IV Sol 10 mL, $169.60 
nitroprusside 25 mg/mL IV Sol 2 mL," $8,136.54 "
nitroprusside in NS 0.4 mg/mL OR, $81.54 
nitroprusside in NS 1 mg/mL OR, $81.54 
norepinephrine 1 mg/mL IV Sol 4 mL, $83.68 
norepinephrine ANESC 0.02 mg/mL Soln, $58.56 
norepinephrine ANESC 0.2 mg/mL Soln, $58.56 
norepinephrine ANESC 1 mg/mL Soln, $58.56 
norethindrone 5 mg Tab, $5.30 
nortriptyline 10 mg Cap, $6.76 
"nystatin 100,000 units/mL Oral Susp", $4.95 
"nystatin Top 100,000 units/g Cream 15 gm", $220.50 
"nystatin Top 100,000 units/g Pwdr", $429.00 
"nystatin topical 100,000 units/g Cream 30 gm", $477.00 
"nystatin topical 100,000 units/g Oint 30 gm", $423.00 
nystatin-triamcinolone Top Crm, $940.50 
nystatin-triamcinolone Top Oint, $33.75 
octreotide 100 mcg/mL Inj Sol 1 mL, $283.36 
octreotide 5 mcg/mL NS, $10.67 
octreotide 50 mcg/mL Inj Sol 1 mL, $112.80 
octreotide 500 mcg/mL Inj Sol 1 mL," $1,242.10 "
ocular lubricant Oint, $93.24 
ocular lubricant preserved Sol 10 mL, $54.00 
OLANZapine 2.5 mg Tab, $89.10 
OLANZapine 5 mg Dis Tab, $178.05 
omega-3 polyunsaturated fatty acids 1000 mg Cap, $15.60 
onabotulinumtoxinA 100 units/ vial," $5,317.78 "
ondansetron 0.5 mg/mL NS, $9.76 
ondansetron 2 mg/mL Inj Sol 2 mL OR, $11.04 
ondansetron 4 mg Dis Tab, $361.01 
ondansetron 4 mg/5 mL Oral Sol, $262.60 
"Ophthalmic irrigation, extraocular Sol", $43.20 
"Opth irrigation, intraocular Balanced Salt Plus Soln 500 mL"," $1,000.00 "
"Opth irrigation, intraocular Balanced Salt Sol 15 mL", $157.50 
"Opth irrigation, intraocular Balanced Salt Sol 500 mL", $455.00 
oseltamivir 30 mg Cap, $167.70 
oseltamivir 6 mg/mL oral susp, $28.05 
oseltamivir 75 mg Cap, $260.85 
oxacillin 1 g Inj, $116.32 
oxacillin 10 g Inj, $13.93 
oxacillin 100 mg/mL IV Inj OR, $116.32 
oxacillin 2 g Inj, $169.20 
OXcarbazepine 300 mg Tab, $33.45 
oxybutynin 5 mg Tab, $11.31 
oxybutynin 5 mg/5 mL Oral Syrup, $10.50 
oxyCODONE 5 mg Tab, $2.21 
oxyCODONE 5 mg/5 mL Soln UD, $55.90 
oxymetazoline Nasal 0.05% Spry 15 mL, $23.40 
paliperidone 3 mg ER Tab, $456.83 
paliperidone 6 mg ER Tab, $456.83 
palivizumab 100 mg/mL IM Sol 0.5 mL," $9,530.76 "
palivizumab 100 mg/mL IM Sol 1 mL," $13,491.25 "
pamidronate 30 mg IV Inj, $284.20 
"pancrelipase 24,000 units lipase-76,000 units protease-120,000 units amylase Cap"," $4,240.00 "
"pancrelipase 36,000 units lipase-114,000 units protease-180,000 units amylase Cap"," $6,340.00 "
"pancrelipase 6,000 units lipase-19,000 units protease-30,000 units amylase Cap"," $1,060.00 "
paricalcitol 5 mcg/mL IV Sol 1 mL, $102.98 
PARoxetine 12.5 mg ER Tab, $63.90 
Pediatric Multiple Vitamins IV Inj Sol 5 mL, $640.00 
Pediatric Multiple Vitamins IV Sol 50 mL, $16.66 
"penicillin composite 600,000 units-600,000 units/2 mL Susp", $746.60 
"penicillin composite 900,000 units-300,000 units/2 mL Susp", $680.94 
"penicillin G benzathine 1,200,000 units/2 mL IM Susp", $842.04 
"penicillin G benzathine 600,000 units/mL IM Susp", $555.90 
"penicillin G K 100,000 units/mL NS", $7.32 
"penicillin G potassium 20,000,000 units Inj", $12.56 
"penicillin G potassium 5,000,000 units Inj", $18.16 
penicillin V potassium 250 mg Tab, $12.87 
penicillin V potassium 250 mg/5 mL Oral Liq, $3.75 
pentamidine 300 mg Inj," $1,295.90 "
pentamidine 6 mg/mL D5W, $21.00 
PENTobarbital 5 mg/mL Inj **DRIP BOLUS**, $1.00 
PENTobarbital 50 mg/1mL UD, $260.50 
PENTobarbital 50 mg/mL IV Inj OR, $10.00 
pentoxifylline 400 mg ER Tab, $10.14 
peramivir 10 mg/mL IV Sol 20 mL," $2,558.40 "
peramivir 6 mg/mL NS, $127.92 
perampanel 2 mg Tab, $153.01 
perampanel 4 mg Tab, $273.52 
permethrin Top 1% lotion, $122.40 
permethrin Top 5% Crm 60 gm," $1,038.00 "
perphenazine 2 mg Tab, $24.75 
petrolatum Top 100% Oint 5 gm, $3.00 
phenazopyridine 100 mg Tab, $42.25 
phenazopyridine 200 mg Tab, $16.95 
PHENobarbital 16.2 mg Tab UD, $12.60 
PHENobarbital 32.4 mg Tab, $12.60 
PHENobarbital 65 mg/mL Inj Sol 1 mL, $220.08 
phenol 1.4% Spray, $43.20 
phentolamine 0.5 mg/mL NS, $622.52 
phentolamine mesylate 5 mg inj," $1,186.86 "
phenylephrine 100 mcg/mL NS, $40.16 
phenylephrine nasal 0.25% Sol 15 mL, $52.20 
phenylephrine Nasal 0.5% Spry, $60.90 
"phenylephrine ophth 10% Sol 5 mL
", $864.75 
phenylephrine Opth 2.5% Sol, $481.25 
phenytoin 100 mg ERCap, $10.66 
phenytoin 125 mg/5 mL Oral Susp, $12.75 
phenytoin 5 mg/mL NS, $0.75 
phenytoin 50 mg Chew Tab, $14.10 
phenytoin 50 mg/mL Inj Sol 2 mL, $24.90 
phenytoin 50 mg/mL Inj Sol 5 mL, $5.76 
phenytoin 50 mg/mL IV Inj OR, $24.90 
physostigmine 1 mg/mL Inj Sol 2 mL, $70.72 
phytonadione 10 mg/mL Inj Sol 1 mL, $694.88 
pilocarpine Opth 1% Sol, $377.85 
pimozide 2 mg Tab, $30.90 
piperacillin tazobactam 3.375 g/50 mL IV Sol PB, $335.50 
piperacillin tazobactam 4.5 g/100 mL IV Sol PB, $429.00 
piperacillin/tazobactam 45 mg/mL D5W, $4.68 
piperacillin-tazobactam 3.375 g IV Inj, $268.32 
piperacillin-tazobactam 4.5 g IV Inj, $264.42 
plasma protein fraction 5% IV Sol 250 mL, $630.00 
plasma protein fraction 5% IV Sol 50 mL, $308.00 
pneumococcal 13-valent conjugate vaccine - SUSP UD," $1,227.56 "
pneumococcal 23-valent vaccine Inj Sol 0.5 mL," $1,043.85 "
"poliovirus vaccine, inactivated SQ Susp 5 mL", $318.18 
polyethylene glycol 3350 Oral Pwdr 238 gm, $3.00 
polyethylene glycol 3350 Oral Pwdr for Recon 17 gm, $50.25 
polyethylene glycol 3350 with electrolytes Oral Pwdr for Sol 4000 mL, $440.00 
polymyxin B-trimethoprim Opth Sol, $169.50 
posaconazole 40 mg/mL oral Susp, $166.35 
potassium acetate 2 mEq/mL IV Sol 20 mL, $36.00 
potassium acetate 2 mEq/mL IV Sol 50 mL, $152.00 
potassium bicarbonate 25 mEq Tab, $15.90 
potassium bicarbonate-citric acid 10 mEq Oral Effervsc Tab, $5.45 
potassium chloride 0.4 mEq/mL IV Inj OR, $48.00 
potassium chloride 2 mEq/mL IV Inj OR, $22.80 
potassium chloride 2 mEq/mL IV Sol 10 mL *WITNESS*, $22.80 
potassium chloride 2 mEq/mL IV Sol 20 mL, $2.76 
potassium chloride 20 mEq ER Tab, $14.56 
potassium chloride 20 mEq/15 mL Oral Liq, $31.50 
potassium chloride 20 mEq/50 mL IV Sol PB, $48.00 
potassium chloride 40 mEq/15 mL Oral Liq, $47.25 
potassium citrate 10 mEq ER Tab, $30.16 
potassium citrate 15 mEq ER Tab, $47.71 
potassium citrate 5 mEq ER Tab, $18.98 
"potassium iodide 1,000 mg/mL Oral Soln", $18.00 
potassium phosphate 3 mmol/mL Sol 15 mL, $4.80 
potassium phosphate 3 mmol/mL Sol 50 mL, $0.96 
potassium phosphate-sodium phosphate 250 mg-45 mg-298 mg Tab, $10.53 
povidone iodine ophthalmic 5% Soln, $252.00 
pralidoxime 1 g IV Inj, $875.20 
pramoxine 1% Top Lotion, $64.80 
pramoxine topical 1% Rectal Foam," $4,054.73 "
praziquantel 600 mg Tab, $189.45 
prazosin 1 mg Cap, $14.17 
prednisoLONE 10 mg oral Dis Tab, $181.50 
prednisoLONE 15 mg oral Dis Tab, $302.55 
prednisoLONE Opth acetate 1% Susp, $284.25 
prednisoLONE sodium phosphate 15 mg/5 mL Oral Liq, $215.25 
prednisoLONE-sodium sulfacetamide Opth 0.2%-10% Oint, $850.08 
predniSONE 1 mg Tab, $15.60 
predniSONE 10 mg Tab, $15.60 
predniSONE 20 mg Tab, $15.60 
predniSONE 5 mg Tab, $15.60 
predniSONE 50 mg Tab, $15.60 
pregabalin 25 mg oral capsule, $63.18 
pregabalin 50 mg oral capsule, $69.42 
primidone 250 mg Tab, $17.85 
primidone 50 mg Tab, $14.82 
procainamide 100 mg/mL Inj Sol 10 mL, $524.70 
prochlorperazine 10 mg Tab, $16.65 
prochlorperazine 5 mg Tab, $9.49 
prochlorperazine 5 mg/mL Inj Sol 10 mL, $304.20 
prochlorperazine 5 mg/mL Inj Sol 2 mL, $426.88 
promethazine 12.5 mg Supp, $319.35 
promethazine 12.5 mg Tab, $9.36 
promethazine 25 mg Supp, $319.35 
promethazine 25 mg Tab, $9.36 
promethazine 25 mg/mL Inj Sol 1 mL, $19.68 
promethazine 50 mg/mL Inj Sol 1 mL, $29.76 
promethazine 6.25 mg/5 mL Oral Syrup, $3.75 
proparacaine Opth 0.5% Sol 15 mL, $789.75 
propofol ANES 10 mg/mL IV Emul 50 mL, $1.90 
propofol with medium chain triglycerides 10 mg/mL Emul 50 mL, $11.79 
propranolol 1 mg/mL IV Sol 1 mL, $192.32 
propranolol 10 mg Tab, $2.73 
propranolol 20 mg Tab, $5.59 
propranolol 20 mg/5 mL Oral Sol, $10.50 
propranolol 40 mg Tab, $10.79 
propylthiouracil 50 mg Tab, $11.70 
protamine 10 mg/mL Inj Sol 5 mL, $270.40 
protamine 10 mg/mL IV Inj OR, $37.92 
pseudoephedrine 60 mg Tab, $6.00 
psyllium 3.4 g/5.8 g Oral Pwdr, $15.60 
pyrazinamide 500 mg Tab, $38.10 
pyridostigmine 60 mg Tab, $13.13 
pyridostigmine 60 mg/5 mL Oral Syrup, $146.25 
pyridoXAL-5-phosphate 50 mg Tab, $15.60 
pyridoxINE 100 mg Tab, $6.00 
pyridoxINE 100 mg/mL Inj Sol 1 mL, $188.80 
pyridoxINE 25 mg Tab, $6.00 
pyridoxINE 50 mg Tab, $15.60 
QUEtiapine 100 mg Tab, $86.55 
"rabies immune globulin, human 300 intl units/mL IM Sol 1 mL"," $1,609.06 "
"rabies immune globulin, human 300 intl units/mL IM Sol 3 mL"," $4,827.18 "
"rabies immune globulin, human 300 intl units/mL IM Sol 5 mL"," $8,045.30 "
"rabies vaccine, human diploid cell 2.5 intl units IM Inj"," $2,975.28 "
racemic epinephrine 2.25% Soln 0.5 mL, $10.50 
raltegravir 10 mg/mL Oral Suspension, $14.82 
raltegravir 100 mg Chew Tab, $113.49 
raltegravir 25 mg Chew Tab, $28.47 
raltegravir 400 mg Tab, $281.71 
rasburicase 1.5 mg IV Inj," $5,486.00 "
remdesivir 100 mg IV Inj," $1,347.24 "
remifentanil 1 mg IV Inj, $105.04 
RHo (D) immune globulin 2500 intl units (500 mcg)/2.2 mL Inj Sol," $4,548.19 "
RHo (D) immune globulin 5000 intl units (1000 mcg)/4.4 mL Inj Sol," $9,122.43 "
ribavirin 6 g Inh Pwdr for Recon," $58,689.00 "
riboflavin 100 mg Tab, $6.00 
rifampin 150 mg Cap, $12.90 
rifampin 6 mg/mL NS, $21.00 
rifampin 600 mg IV Inj," $1,769.60 "
Rifampin Oral Suspension 25 mg/mL, $15.60 
rifaximin 200 mg Tab, $202.35 
risperiDONE 1 mg/mL Oral Sol 30 mL, $64.20 
"risperiDONE 12.5 mg/2 weeks IM Inj, ER"," $1,378.56 "
riTUXimab 10 mg/mL IV Sol 10 mL," $3,323.50 "
riTUXimab 10 mg/mL IV Sol 50 mL," $16,617.50 "
rocuronium 10 mg/mL IV Sol 10 mL OR, $18.24 
rocuronium 10 mg/mL IV Sol 5 mL, $91.20 
rocuronium 10 mg/mL IV Sol 5 mL OR, $18.24 
rocuronium 5 mg/mL 20 mL, $364.80 
rocuronium 5 mg/mL Inj **DRIP BOLUS**, $9.28 
rotavirus vaccine monovalent oral Susp, $964.00 
rufinamide 200 mg Tab, $53.25 
rufinamide 40 mg/mL Susp, $29.85 
rufinamide 400 mg Tab, $206.40 
salicylic acid Top 17% Liq, $87.60 
sargramostim (GMCSF) 250 mcg IV Inj," $1,713.28 "
"scopolamine 1 mg/3 days TD Film, ER patch", $399.23 
secretin synthetic human 16 mcg IV Inj," $4,310.32 "
selenium 40 mcg/mL IV Sol 10 mL, $15.60 
selenium 50 mcg Tab, $15.60 
selenium sulfide Top 1% Shampoo, $75.60 
selenium sulfide Top 2.5% Shampoo, $168.00 
senna 8.8 mg/5 mL Syrup, $4.80 
sennosides 15 mg Chew Tab, $1.20 
sennosides 15 mg tab, $0.50 
sertraline 100 mg Tab, $73.84 
sertraline 20 mg/mL Oral Conc, $14.10 
sertraline 25 mg Tab, $18.46 
sevelamer carbonate 0.8 g packet, $198.00 
sevelamer carbonate 2.4 g packet, $198.00 
sevelamer carbonate 800 mg Tab, $65.85 
sildenafil 10 mg/12.5 mL Inj Soln, $140.88 
sildenafil 10 mg/mL Oral Susp, $123.00 
sildenafil 20 mg Tab, $235.62 
silver nitrate Top Stick, $11.18 
silver sulfADIAZINE Top 1% Crm 20 gm, $336.00 
silver sulfADIAZINE Top 1% Crm 400 gm, $800.00 
silver sulfADIAZINE Top 1% Crm 50 gm, $277.50 
simethicone 80 mg Chew Tab, $6.00 
simvastatin 20 mg Tab, $61.95 
sirolimus 1 mg Tab, $313.95 
sirolimus 1 mg/mL Oral Sol, $313.95 
sodium acetate 2 mEq/mL IV Sol 100 mL, $98.00 
sodium acetate 2 mEq/mL IV Sol 20 mL, $2.88 
sodium benzoate-sodium phenylacetate 10%-10% IV Sol 50 mL," $23,997.50 "
sodium bicarbonate 4.2% 0.5 mEq/ml IV Inj OR, $13.92 
sodium bicarbonate 4.2% 0.5 mEq/mL IV Soln 5 mL, $56.00 
sodium bicarbonate 4.2% 5 mEq/10 mL Soln, $196.80 
sodium bicarbonate 650 mg Tab, $6.00 
sodium bicarbonate 8.4% 1 mEq/mL 100 mL, $704.00 
sodium bicarbonate 8.4% 1 mEq/mL 50 mL Syringe INJ, $176.00 
sodium bicarbonate 8.4% 1 mEq/mL IV Inj OR, $3.52 
sodium bicarbonate 8.4% 1 mEq/ml IV Sol 10 mL, $307.20 
sodium bicarbonate 8.4% 1 mEq/mL Sol 50 mL Vial, $176.00 
sodium biphosphate-sodium phosphate 9.5 g-3.5 g Pediatric Rectal Enema 66 mL, $18.48 
Sodium Chloride 0.3% IV Sol 1000 mL, $160.00 
Sodium Chloride 0.45% IV Sol 1000 mL, $160.00 
Sodium Chloride 0.45% with KCl 20 mEq/l IV Sol 1000 mL, $160.00 
sodium chloride 0.9% Inh Sol 15 mL, $15.60 
sodium chloride 0.9% Inh Sol 3 mL, $15.60 
sodium chloride 0.9% Inj Sol 20 mL, $25.60 
sodium chloride 0.9% Irr Sol 1000 mL Bottle, $170.00 
sodium chloride 0.9% Irr Sol 3000 mL, $510.00 
Sodium Chloride 0.9% IV Sol 1000 mL, $160.00 
Sodium Chloride 0.9% IV Sol 25 mL, $15.75 
Sodium Chloride 0.9% IV Sol 250 mL, $40.00 
Sodium Chloride 0.9% IV Sol 500 mL, $80.00 
sodium chloride 23.4% Sol 200 mL, $2.28 
sodium chloride 23.4% Sol ORAL 30 mL, $79.20 
Sodium Chloride 3% IV Sol 500 mL, $80.00 
Sodium Chloride 3% IV Sol 500 mL OR, $80.00 
sodium chloride 3% Soln 15 mL, $22.50 
sodium chloride 3% Soln 4 mL, $7.80 
sodium chloride 7% Inh Sol 4 mL, $15.60 
sodium chloride bacteriostatic 0.9% Inj Sol 30 mL, $43.20 
sodium chloride bacteriostatic 0.9% Inj Soln 10 mL, $30.40 
sodium chloride nasal 0.65% Sol 45 mL, $43.20 
sodium hypochlorite Top 0.25% (half-strength) Sol, $141.90 
sodium phosphate (oral saline/soda laxative), $15.60 
sodium phosphate 3 mmol/mL Inj Sol 50 mL, $2.28 
sodium phosphate 3 mmol/mL Sol 15 mL, $14.88 
sodium sulfacetamide Opth 10% Sol," $1,254.50 "
sodium tetradecyl sulfate 3% Inj Sol 2 mL, $567.72 
sorbitol 70% Oral Liq 30 mL UD, $25.20 
sorbitol 70% Oral Liq 480 mL, $15.60 
sotalol 15 mg/mL IV Sol 10 mL," $10,449.60 "
sotalol 5 mg/mL Oral Solution, $15.60 
sotalol 80 mg Tab, $39.91 
spironolactone 100 mg Tab, $5.90 
spironolactone 5 mg/mL Oral Suspension, $7.15 
sterile water Inj Sol 10 mL, $20.80 
sterile water Inj Sol 100 mL, $48.00 
sterile water Inj Sol 1000 mL, $160.00 
sterile water Inj Sol 2000 mL, $260.00 
sterile water Inj Sol 50 mL, $30.00 
sterile water Irr Sol 1000 ml bottle, $170.00 
sterile water Irr Sol 500 mL bottle, $170.00 
succinylcholine 20 mg/mL Inj Sol 10 mL, $36.16 
succinylcholine 20 mg/mL IV Inj OR, $25.44 
sucralfate 1 g Tab, $5.98 
sucralfate 1 g/10 mL Oral Susp, $48.00 
sucrose 24% oral sol 15 mL, $15.96 
sugammadex 100 mg/mL Inj Sol 2 mL, $305.06 
sulfamethoxazole-trimethoprim 200 mg-40 mg/5 mL Oral Susp 480 mL, $41.25 
sulfamethoxazole-trimethoprim 400 mg-80 mg Tab, $12.09 
sulfamethoxazole-trimethoprim 80 mg-16 mg/mL IV Sol 10 mL, $14.28 
sulfamethoxazole-trimethoprim 80 mg-16 mg/mL IV Sol 30 mL, $11.28 
sulfamethoxazole-trimethoprim 800 mg-160 mg Tab, $27.75 
Sulfur hexafluoride lipid-type A microspheres, $609.88 
surgicel 4 x 8, $723.73 
tacrolimus 0.02 mg/mL NS, $10.80 
tacrolimus 0.5 mg Oral Cap, $24.31 
tacrolimus 5 mg/mL IV Sol 1 mL," $1,499.13 "
tadalafil 5 mg Tab, $98.25 
tadalafil 5 mg/mL Oral Susp, $40.15 
temazepam 15 mg Cap, $13.65 
temozolomide 100 mg Cap," $2,184.82 "
temozolomide 20 mg Cap, $821.80 
tenofovir 40 mg/g Oral Powder, $6.90 
testosterone 200 mg/mL IM Sol 5 mL, $185.64 
tetanus immune globulin 250 units IM Sol 1 EA," $3,049.36 "
"tetanus/diphtheria/pertussis, acel (Tdap) IM Susp 0.5 mL", $609.10 
tetanus-diphtheria toxoids IM Susp 0.5 mL, $295.32 
tetracaine HCl powder 25 gm, $15.75 
tetracycline 250 mg Cap, $15.60 
theophylline 300 mg ER Tab, $7.67 
theophylline 80 mg/15 mL Oral Soln, $3.38 
Therapeutic Multiple Vitamins with Minerals oral Tab, $6.00 
thiamine 100 mg/mL Inj Sol 2 mL, $125.52 
thioguanine 20 mg/mL Oral Susp, $231.30 
thioguanine 40 mg Tab, $218.70 
thioridazine 25 mg Tab, $11.96 
thioridazine 50 mg Tab, $14.82 
thiotepa 100 mg Inj," $33,840.00 "
"thrombin topical recombinant 20,000 intl units REC"," $2,778.00 "
thrombin topical recombinant 5000 intl units REC," $1,240.20 "
tigecycline 1 mg/mL NS, $21.30 
tigecycline 50 mg IV Inj," $1,064.70 "
timolol Opth 0.5% Sol, $306.75 
tiZANidine 2 mg Tab, $15.15 
tobramycin 10 mg/mL Inj Sol 2 mL, $44.64 
tobramycin 2 mg/mL NS (less than 5 kg), $3.48 
tobramycin 40 mg/mL Inj Sol 2 mL, $36.48 
tobramycin 40 mg/mL Inj Sol 50 mL, $11.52 
tobramycin 5 mg/mL NS (5 kg or greater), $2.88 
tobramycin 60 mg/mL Inh Sol 5 mL," $1,201.50 "
tobramycin ANESC 10 mg/mL IV Inj, $25.44 
tobramycin Opth 0.3% Oint," $1,247.05 "
tobramycin Opth 0.3% Sol, $262.50 
tocilizumab 20 mg/mL Soln 10 mL," $6,811.20 "
tocilizumab 20 mg/mL Soln 4 mL," $2,724.48 "
topiramate 100 mg Tab, $111.90 
topiramate 15 mg Cap Sprinkles, $30.45 
topiramate 25 mg Cap Sprinkles, $36.75 
topiramate 25 mg Tab, $26.55 
topiramate 25 mg/mL Oral Soln, $23.66 
trace elements 0.85 mcg-0.1 mg-0.025 mg-1.5 mg/mL Soln, $56.64 
trace elements 1 mcg-0.1 mg-0.025 mg-1 mg/mL Soln 3 mL, $105.12 
trace elements 1 mcg-0.1 mg-0.03 mg-0.5 mg/mL IV Sol 10 mL, $8.96 
trace elements 10.0 mcg-1 mg-0.5 mg-5 mg/mL Soln 1 mL, $117.92 
trace elements 10.0 mcg-1 mg-0.5 mg-5 mg/mL Soln 10 mL, $169.60 
trace elements with selenium 10 mcg-1 mg-0.5 mg-60 mcg-5 mg/mL Soln, $1.28 
trace elements with selenium 4 mcg-0.4 mg-0.1 mg-20 mcg-1 mg/mL Soln, $19.20 
traMADol 5 mg/mL Susp-Oral, $12.35 
traMADol 50 mg Tab, $12.87 
tranexamic acid in D5W 20 mg/mL 250 mL OR, $9.00 
tranexamic acid in D5W 20 mg/mL 500 mL OR, $9.00 
traZODone 100 mg Tab, $15.60 
traZODone 50 mg Tab, $15.60 
treprostinil 1 mg/mL Soln, $708.40 
tretinoin 10 mg Cap, $326.95 
triamcinolone 10 mg/mL Inj Susp 5 mL, $127.80 
triamcinolone acetonide 40 mg/mL Inj Susp 5 mL, $398.50 
triamcinolone ophthalmic 40 mg/mL Susp Ophth," $1,176.24 "
triamcinolone Top 0.025% Crm 15 gm, $83.25 
triamcinolone Top 0.1% Crm 15 gm, $105.75 
triamcinolone Top 0.1% Oint 15 gm, $105.75 
triamcinolone Top 0.1% Paste in Orabase 5 gm, $677.50 
triamcinolone Top 0.5% Crm 15 gm, $182.25 
triazolam 0.25 mg Tab, $11.18 
trichloroacetic acid 30% 30 mL," $1,728.00 "
trichloroacetic acid 50% 480 mL - bulk," $14,745.60 "
trifluridine Opth 1% Sol," $1,918.20 "
trimethoprim 100 mg Tab, $15.60 
tropicamide Opth 0.5% Sol, $292.50 
tropicamide Opth 1% Sol, $33.30 
trypan blue ophthalmic 0.06% Soln, $641.70 
tuberculin purified protein derivative 5 TU/0.1 mL ID Sol 1 mL, $108.45 
ubiquinol 100 mg/mL Oral Liquid, $19.56 
ustekinumab 5 mg/mL IV Sol 26 mL," $7,786.87 "
valACYclovir 500 mg Tab, $127.50 
valGANciclovir 450 mg Tab, $578.70 
valGANciclovir 50 mg/mL, $135.45 
valine powder, $15.60 
valproic acid 100 mg/mL Inj Sol 5 mL, $42.00 
valproic acid 250 mg/5 mL Oral Syrup, $14.25 
valproic acid 4 mg/mL NS, $3.48 
vancomycin 1 g/200 mL Soln, $440.00 
vancomycin 125 mg Cap, $289.96 
vancomycin 250 mg Cap, $527.00 
vancomycin 5 mg/mL D5W, $2.64 
vancomycin 50 mg/mL Oral Soln, $14.17 
vancomycin 500 mg IV Inj OR, $37.68 
vancomycin 500 mg Soln, $53.88 
varicella virus vaccine SubQ Inj, $989.70 
varicella zoster immune globulin 125 intl units/1.2 mL Sol," $2,889.60 "
vasopressin 0.1 units/mL IV Inj OR, $994.00 
vasopressin 1 units/mL IV Inj OR, $994.00 
vasopressin 20 units/mL Inj Sol 1 mL," $1,419.90 "
veCURonium 1 mg/mL 10 mL, $64.80 
veCURonium 10 mg IV Inj, $64.98 
veCURonium 10 mg/10 mL IV Inj OR, $6.48 
veCURonium 20 mg IV Inj, $90.81 
veCURonium 5 mg/5 mL IV Inj OR, $6.48 
vedolizumab 300 mg IV Inj," $14,755.83 "
venlafaxine 37.5 mg ERCap, $121.20 
veRAPamil 2.5 mg/mL IV Inj OR, $409.60 
veRAPamil 2.5 mg/mL IV Sol 2 mL, $585.28 
veRAPamil 2.5 mg/mL IV Soln 4 mL, $280.80 
veRAPamil 40 mg Tab, $15.60 
veRAPamil 50 mg/mL Oral Susp, $8.97 
veRAPamil 80 mg Tab, $8.97 
vinCRIStine 1 mg/mL IV Sol 1 mL, $242.88 
vinCRIStine 1 mg/mL IV Sol 2 mL, $208.96 
Visbiome 450 billion CFU per packet, $27.12 
"vitamin A 10,000 units Cap", $15.60 
"vitamin A 50,000 units/mL IM Sol 2 mL"," $1,689.28 "
vitamin E 15 intl units/0.3 mL Oral Soln, $4.32 
von Willebrand Factor/Factor VIII (Wilate) 500 unit," $5,040.00 "
voriconazole 200 mg IV Inj," $1,355.49 "
voriconazole 200 mg Tab, $434.06 
voriconazole 40 mg/mL Oral Liq, $178.05 
voriconazole 5 mg/mL NS, $33.84 
warfarin 2 mg Tab, $27.30 
warfarin 2.5 mg Tab, $27.90 
warfarin 5 mg Tab, $33.54 
zidovudine 100 mg Cap, $35.55 
zinc elemental 10 mg (zinc sulfate 27.5 mg)/mL Oral soln, $6.08 
zinc oxide Top 20% Oint 30 gm, $50.40 
zinc oxide Top 40% Oint 60 gm, $47.88 
zinc sulfate 1 mg/mL IV Sol 10 mL, $60.80 
zinc sulfate 220 mg Cap, $6.00 
zinc sulfate 5 mg/mL Soln 5 mL, $18.56 
ziprasidone 20 mg Cap, $112.95 
ziprasidone 40 mg Cap, $112.95 
zoledronic acid 4 mg/5 mL IV Sol," $1,480.05 "
zonisamide 100 mg Cap, $24.90 
zonisamide 25 mg Cap, $7.67 
zonisamide 50 mg Cap, $13.95 
zonisamide oral suspension 10 mg/mL, $15.60 
